"! #1 Host Australia, Inc.",2482
"! #1 Host Canada, Inc.",2598
"! #1 Host China, Inc.",2648
"! #1 Host Germany, Inc.",2659
"! #1 Host Israel, Inc.",8963
"! #1 Host Japan, Inc.",2653
"! #1 Host Korea, Inc.",2537
"!# No1 Registrar, LLC",2923
"#1 Internet Services International, Inc. dba 1ISI",770
"$$$ Private Label Internet Service Kiosk, Inc. .dba PLISK.com",913
"007Names, Inc.",7783
"0101 INTERNET, INC.",2837
1 API GmbH,431751
"1 Domain Source, Ltd. dba Domain 1 Source, Inc.",131
1&1 Internet SE,3902239
"101DOMAIN, INC.",31144
"10dencehispahard, S.L",92579
123-Reg Limited,865152
"123domainrenewals, LLC",174
"1800-website, LLC",190
"1st-for-domain-names, LLC",186
2030138 Ontario Inc. dba NamesBeyond.com and dba GoodLuckDomain.com,11618
"22net, Inc.",577709
"24x7domains, LLC",170
"35 TECHNOLOGY CO., LTD",351793
"995discountdomains, LLC",183
AB Name ISP,21835
AB RIKTAD,453
Above.com Pty Ltd.,57040
"Abraham Lincoln, LLC",181
Abu-Ghazaleh Intellectual Property dba Tagidomains.com,719
AccentDomains LLC,25880
"Acens Technologies, S.L.U.",155429
"Achilles 888, LLC",181
AcquiredNames LLC,16358
"Active Registrar, Inc.",35712
"Ad Valorem Domains, LLC",2094
"Address Creation, LLC",1596
"Addressontheweb, LLC",194
Adomainofyourown.com LLC,2956
"Advanced Internet Technologies, Inc.",45740
Aerotek Bilisim Sanayi ve Ticaret AS,31496
AFRIREGISTER S.A.,799
"Afterdark Domains, Incorporated",578
Agrinoon Inc,674
"Aim High!, Inc. dba Get Yer Name",579
"Akamai Technologies, Inc.",1
Alantron Bilisim LTD STI.,15284
"Alethia Domains, LLC",2069
"Alexander the Great, LLC",474
"Alfena, LLC",2630
Alibaba Cloud Computing Ltd. d/b/a HiChina (www.net.cn),309
"Alices Registry, Inc.",1151
All Domains LLC,1582
"Allaccessdomains, LLC",184
Alldomains LLC,185
Allearthdomains.com LLC,2889
"AllGlobalNames, S.A. dba Cyberegistro.com",1341
Allworldnames.com LLC,2889
Alpine Domains Inc.,80169
Alpnames Limited,7142
"Amazon Registrar, Inc.",110993
Anessia Inc.,1633
"Annam, LLC",177
Annulet LLC,304580
"Anytime Sites, Inc.",77
"Apollo 888, LLC",173
APRIL SEA INFORMATION TECHNOLOGY CORPORATION,65795
"Aquarius Domains, LLC",2119
"Arab Internet Names, Incorporated",591
"Arctic Names, Inc.",8327
"Ares 888, LLC",200
"Aristotle 888, LLC",174
"Arsys Internet, S.L. d/b/a NICLINE.COM",356620
"Arthur Pendragon, LLC",168
"Ascio Technologies, Inc. Danmark - Filial af Ascio technologies, Inc. USA",1220746
"AsiaDomains, Incorporated",573
"AsiaRegister, Inc.",1075
Astutium Limited,2472
Atak Domain Hosting Internet ve Bilgi Teknolojileri Limited Sirketi d/b/a Atak Teknoloji,16078
"Atlantic Domains, LLC",2927
AtlanticFriendNames.com LLC,2954
Atomicdomainnames.com LLC,2979
"Attila the Hun, LLC",277
"Austriadomains, LLC",170
"Austriandomains, LLC",174
Authentic Web Inc.,630
Automattic Inc.,69097
AvidDomain LLC,14378
"azdomainz, LLC",24857
"Azprivatez, LLC",23770
"Backslap Domains, Inc",5645
Backstop Names LLC,1537
"Baracuda Domains, LLC",2197
Baronofdomains.com LLC,2793
BatDomains.com Ltd.,94
BB Online Ltd,6797
BDL Systemes SAS dba ProDomaines,3933
Beartrapdomains.com LLC,3003
Beijing Brandma International Networking Technology Ltd.,3
"Beijing Guoxu Network Technology Co., Ltd.",1297
Beijing Innovative Linkage Technology Ltd. dba dns.com.cn,427808
"Beijing Lanhai Jiye Technology Co.,Ltd",3575
Beijing Midwest Taian Technology Services Ltd.,10
"Beijing Sanfront Information Technology Co., Ltd",7968
Beijing Tong Guan Xin Tian Technology Ltd (Novaltel),1445
"Beijing Wangzun Technology Co., Ltd",5009
Beijing ZhongWan Network Technology Co Ltd,2264
"Beijing Zihai Technology Co., Ltd.",1929
Belmontdomains.com LLC,2880
"Benjamin Franklin 888, LLC",161
Best Drop Names LLC,1559
Betterthanaveragedomains.com LLC,2931
"Bidfordomainnames, LLC",193
"Big Dipper Domains, LLC",2112
"Big Domain Shop, Inc",100
Big House Services Inc.,610
Biglizarddomains.com LLC,2999
BigRock Solutions Limited,289513
"Billy the Kid, LLC",165
Binero AB,42717
"Bizcn.com, Inc.",645769
Blacknight Internet Solutions Ltd,47385
BlastDomains LLC,16570
"Blisternet, Incorporated",610
BlockHost LLC,16095
Blue Angel Domains LLC,1536
"Blue Fractal, Inc.",91
"Blue Razor Domains, LLC",36637
Bombora Technologies Pty Ltd.,1
"Bonam Fortunam Domains, LLC",2216
"Bonzai Domains, LLC",2143
BoteroSolutions.com S.A.,3
"Bottle Domains, Inc.",3292
Bounce Pass Domains LLC,1524
BR domain Inc. dba namegear.co,579
Brandma.co Limited,144
BrandNames.com SARL,450
"Brandon Gray Internet Services, Inc. dba NameJuice.com",42733
BraveNames Inc.,1587
Brennercom Limited,91
"Buddha, LLC",200
BullRunDomains.com LLC,2668
BurnsideDomains.com LLC,2938
"Camelot 1, LLC",2
"Camelot 10, LLC",2
"Camelot 13, LLC",2
"Camelot 14, LLC",1
"Camelot 16, LLC",2
"Camelot 18, LLC",4
"Camelot 19, LLC",2
"Camelot 2, LLC",1
"Camelot 20, LLC",2
"Camelot 21, LLC",2
"Camelot 22, LLC",4
"Camelot 23, LLC",2
"Camelot 25, LLC",2
"Camelot 26, LLC",2
"Camelot 27, LLC",1
"Camelot 28, LLC",1
"Camelot 29, LLC",2
"Camelot 3, LLC",1
"Camelot 30, LLC",3
"Camelot 31, LLC",4
"Camelot 32, LLC",1
"Camelot 33, LLC",1
"Camelot 34, LLC",1
"Camelot 35, LLC",2
"Camelot 37, LLC",1
"Camelot 38, LLC",2
"Camelot 39, LLC",3
"Camelot 4, LLC",4
"Camelot 40, LLC",2
"Camelot 42 888, LLC",1
"Camelot 43, LLC",1
"Camelot 44, LLC",1
"Camelot 45, LLC",4
"Camelot 46, LLC",1
"Camelot 47, LLC",5
"Camelot 48, LLC",2
"Camelot 49, LLC",1
"Camelot 5, LLC",1
"Camelot 50, LLC",2
"Camelot 51, LLC",3
"Camelot 52, LLC",1
"Camelot 53, LLC",2
"Camelot 54, LLC",4
"Camelot 55, LLC",1
"Camelot 56, LLC",1
"Camelot 57, LLC",1
"Camelot 58, LLC",1
"Camelot 59, LLC",2
"Camelot 6, LLC",4
"Camelot 60, LLC",3
"Camelot 61, LLC",2
"Camelot 63, LLC",2
"Camelot 64, LLC",3
"Camelot 65, LLC",3
"Camelot 66, LLC",1
"Camelot 67, LLC",2
"Camelot 68, LLC",2
"Camelot 69, LLC",4
"Camelot 70, LLC",3
"Camelot 71, LLC",2
"Camelot 72, LLC",6
"Camelot 75, LLC",2
"Camelot 76, LLC",1
"Camelot 77, LLC",2
"Camelot 79, LLC",3
"Camelot 8, LLC",3
"Camelot 80, LLC",1
"Camelot 81, LLC",4
"Camelot 82, LLC",2
"Camelot 83, LLC",1
"Camelot 84, LLC",1
"Camelot 85, LLC",3
"Camelot 86, LLC",1
"Camelot 87, LLC",2
"Camelot 88, LLC",5
"Camelot 89, LLC",6
"Camelot 9, LLC",1
"Camelot 91, LLC",2
"Camelot 92, LLC",2
"Camelot 93, LLC",4
"Camelot 94, LLC",2
"Camelot 95, LLC",3
"Camelot 97, LLC",6
"Camelot 98, LLC",1
"Camelot 99, LLC",2
camPoint AG,737
"Capitaldomains, LLC",181
"CAT, Inc. d/b/a Namezero.com",2409
"Catalog.com, Inc.",15889
Catch Deleting Names LLC,1502
Catch Domains LLC,1520
CCI REG S.A.,15282
Center of Ukrainian Internet Names,13850
"Century Oriental International Co., Ltd.",13004
"Charlemagne 888, LLC",287
"Charles Darwin, LLC",179
"Chengdu Fly-Digital Technology Co., Ltd",50540
"Chengdu West Dimension Digital Technology Co., Ltd.",454027
China Springboard Inc.,7672
"ChinaNet Technology (SuZhou) CO., LTD",1630
"Chinesedomains, LLC",181
Chipshot Domains LLC,1538
"ChocolateChipDomains, LLC",2131
"Chocolatecovereddomains, LLC",193
Circle of Domains LLC,1613
"Claimeddomains, LLC",180
"Click Registrar, Inc. d/b/a publicdomainregistry.com",3442
"Cloud Bamboo, LLC",1498
"Cloud Beauty, LLC",1466
"Cloud Boom, LLC",1242
"Cloud City, LLC",1748
"Cloud Diamond, LLC",1306
"Cloud Orchid, LLC",1666
"Cloud Plum, LLC",1160
"Cloud Seed, LLC",1258
"Cloud Shark, LLC",312
"Cloud Sun, LLC",361
"Cloud Super, LLC",434
"Cloud System, LLC",890
"CloudBreakDomains, LLC",2174
"CloudFlare, Inc.",144
"CloudNineDomain, LLC",2160
"Cocosislandsdomains, LLC",193
"Columbiadomains, LLC",163
ColumbiaNames.com LLC,2925
ComfyDomains LLC,14073
"Commerce Island, Inc.",3209
Compuglobalhypermega.com LLC,2583
"Confucius, LLC",208
"Constantine the Great, LLC",179
"Cool Breeze Domains, LLC",2220
"Cool Ocean, Inc.",79
"Cool River Names, LLC",2219
Copper Domain Names LLC,1597
Coral Reef Domains LLC,1481
"Corehub, S.R.L.",126326
"Cosmotown, Inc.",9618
CPS-Datensysteme GmbH,26356
Crazy Domains FZ-LLC,400495
"Crisp Names, Inc.",96
Cronon AG,605911
"Crystal Coal, Inc",140
"CSC Corporate Domains, Inc.",685580
CSL Computer Service Langenbach GmbH d/b/a joker.com,270271
"Curious Net, Inc.",72
Curveball Domains LLC,1556
CV. JOGJACAMP,134778
CV. Rumahweb Indonesia,63130
"CyanDomains, Inc.",9529
"Cyrus the Great, LLC",492
"Dagnabit, Incorporated",569
"Dainam, LLC",187
"Dalai Lama, LLC",173
DanCue Inc.,1613
DanDomain A/S,15767
Dattatec.com SRL,91274
"Decentdomains, LLC",194
"Deep Dive Domains, LLC",2194
Deep Sea Domains LLC,1498
Deep Water Domains LLC,1651
Deleting Name Zone LLC,1593
"Deluxe Small Business Sales, Inc. d/b/a Aplus.net",133431
Demys Limited,6663
"Department-of-domains, LLC",181
Deschutesdomains.com LLC,286
"Desert Devil, Inc.",20
"Desert Sand Domains, LLC",2172
"Deutchdomains, LLC",199
Deutsche Telekom AG,53335
"DevilDogDomains.com, LLC",2571
Diamatrix C.C.,9788
"Diggitydot, LLC",183
Dinahosting SL,118499
Discount Domains Ltd,1888
"Discountdomainservices, LLC",189
"DNC Holdings, Inc.",407345
DNS NET Internet Service GmbH,2459
"DNSPod, Inc.",4829
"Domain Ala Carte, LLC",2218
"Domain Band, Inc.",85
Domain Bazaar LLC,1602
Domain Central Australia Pty Ltd.,8491
"Domain Collage, LLC",2307
"Domain Esta Aqui, LLC",2180
Domain Gold Zone LLC,1489
Domain Grabber LLC,1556
"Domain Guardians, Inc.",1019
"Domain Jamboree, LLC",1338
Domain Landing Zone LLC,1550
"Domain Lifestyle, LLC",2106
"Domain Locale, LLC",2116
"Domain Mantra, Inc",113
"Domain Monkeys, LLC",241
DOMAIN NAME NETWORK PTY LTD,9912
"Domain Name Origin, LLC",2140
"Domain Name Root, LLC",2171
"Domain Original, LLC",2159
Domain Pickup LLC,1598
"Domain Pro, LLC",173
Domain Registration Services Inc. dba dotEarth.com,8900
Domain Rouge Inc,643
Domain Secure LLC,1534
Domain Source LLC,1545
Domain Stopover LLC,1551
Domain Success LLC,1502
Domain The Net Technologies Ltd.,17077
"Domain-A-Go-Go, LLC",162
"Domain-it, Inc.",16824
"Domain.com, LLC",1928552
DomainAdministration.com LLC,62880
DomainAhead LLC,25886
"DomainAllies.com, Inc.",2
Domainamania.com LLC,2653
Domainarmada.com LLC,2662
Domainbox Limited,23
"Domainbulkregistration, LLC",169
"Domainbusinessnames, LLC",178
"Domaincamping, LLC",172
Domaincapitan.com LLC,2878
Domaincatcher LLC,1557
Domaincircle LLC,1573
"Domainclip Domains, Inc",3219
Domainclub.com LLC,19542
Domaincomesaround.com LLC,2851
"DOMAINCONTEXT, INC.",15832
DomainCraze LLC,14282
DomainCreek LLC,14115
DomainCritics LLC,36289
DomainDelights LLC,32993
Domaindrop LLC,1564
"Domainducks, Inc. d/b/a Personalnames.com",253
Domainer Names LLC,1523
DomainExtreme LLC,33344
DomainFalcon LLC,71744
Domaingazelle.com LLC,2939
DomainGetter LLC,29130
Domainhawks.net LLC,2677
DomainHood LLC,70613
"Domainhostingweb, LLC",169
Domainhysteria.com LLC,2639
Domaininfo AB d/b/a domaininfo.com,21667
"Domaining Oro, LLC",2175
"Domaininternetname, LLC",188
Domaininthebasket.com LLC,2642
Domaininthehole.com LLC,2567
Domainjungle.net LLC,2655
DomainLadder LLC,13605
DomainLocal LLC,70521
Domainmonster Limited,34
"DOMAINMONSTER.COM, INC.",28
"Domainname Blvd, INC.",10973
"DomainName Bridge, Inc.",9156
"DomainName Driveway, Inc.",9324
"DOMAINNAME FWY, INC.",11708
DomainName Highway LLC,11905
"DomainName Parkway, Inc.",30
"DomainName Path, Inc.",10189
"DomainName, Inc.",3640
"Domainnamebidder, LLC",168
"Domainnamelookup, LLC",166
"Domainnovations, Incorporated",603
DomainParkblock.com LLC,2725
"DomainPeople, Inc.",237788
DomainPicking LLC,13624
Domainplace LLC,1523
DomainPrime.com LLC,38168
Domainraker.net LLC,2598
"DomainRegistry.com, Inc.",5211
DomainRoyale.com LLC,293
Domains Etc LLC,1541
Domains Express LLC,1533
"Domains of Origin, LLC",2111
DomainSails.net LLC,2564
Domainsalsa.com LLC,2639
DomainsAreForever.net LLC,2613
Domainshop LLC,1512
"Domainshype.com, Inc.",24818
Domainsinthebag.com LLC,2742
"DomainSite, Inc.",73858
"DomainSnap, LLC",342
Domainsnapper LLC,1548
Domainsofcourse.com LLC,2521
Domainsoftheday.net LLC,2820
Domainsoftheworld.net LLC,2914
Domainsofvalue.com LLC,2981
Domainsouffle.com LLC,2441
Domainsoverboard.com LLC,2921
Domainsovereigns.com LLC,2664
DomainSprouts.com LLC,2470
Domainstreetdirect.com LLC,2931
Domainsurgeon.com LLC,2987
DomainTact LLC,38333
Domaintimemachine.com LLC,2523
"DomaintoOrder, LLC",2194
Domainwards.com LLC,75708
Domainyeti.com LLC,2601
Domainz Limited,327
"Domdrill.com, Inc.",2988
Domeneshop AS,79618
"DOMERATI, INC.",77
DomReg Ltd.,17271
Domus Enterprises LLC dba DOMUS,7197
Dot Holding Inc.,105
DotAlliance Inc,1804
"DotArai Co,. Ltd.",6825
DotMedia Limited,10256
Dotname Korea Corp,62876
DotNamed LLC,32442
DotRoll Kft.,11263
"Douglas MacArthur, LLC",304
Draftpick Domains LLC,1513
"DreamHost, LLC",618842
Drop Catch Mining LLC,1560
Dropcatch Auction LLC,1546
Dropcatch Landing Spot LLC,1510
Dropcatch Marketplace LLC,1665
DropCatch.com 1000 LLC,1673
DropCatch.com 1001 LLC,1672
DropCatch.com 1002 LLC,1677
DropCatch.com 1003 LLC,1516
DropCatch.com 1004 LLC,1676
DropCatch.com 1005 LLC,1452
DropCatch.com 1006 LLC,1652
DropCatch.com 1007 LLC,1644
DropCatch.com 1008 LLC,1516
DropCatch.com 1009 LLC,1637
DropCatch.com 1010 LLC,1743
DropCatch.com 1011 LLC,1661
DropCatch.com 1012 LLC,1796
DropCatch.com 1013 LLC,1828
DropCatch.com 1014 LLC,1753
DropCatch.com 1015 LLC,1680
DropCatch.com 1016 LLC,1767
DropCatch.com 1017 LLC,1652
DropCatch.com 1018 LLC,1695
DropCatch.com 1019 LLC,1570
DropCatch.com 1020 LLC,1659
DropCatch.com 1021 LLC,1647
DropCatch.com 1022 LLC,1621
DropCatch.com 1023 LLC,1728
DropCatch.com 1024 LLC,1614
DropCatch.com 1025 LLC,1715
DropCatch.com 1026 LLC,1655
DropCatch.com 1027 LLC,1672
DropCatch.com 1028 LLC,1452
DropCatch.com 1029 LLC,1450
DropCatch.com 1030 LLC,1475
DropCatch.com 1031 LLC,1653
DropCatch.com 1032 LLC,1650
DropCatch.com 1033 LLC,1727
DropCatch.com 1034 LLC,1320
DropCatch.com 1035 LLC,1350
DropCatch.com 1036 LLC,1285
DropCatch.com 1037 LLC,1642
DropCatch.com 1038 LLC,1519
DropCatch.com 1039 LLC,1604
DropCatch.com 1040 LLC,1613
DropCatch.com 1041 LLC,1583
DropCatch.com 1042 LLC,1371
DropCatch.com 1043 LLC,1722
DropCatch.com 1044 LLC,1621
DropCatch.com 1045 LLC,1618
DropCatch.com 1046 LLC,70
DropCatch.com 1048 LLC,75
DropCatch.com 1049 LLC,46
DropCatch.com 1050 LLC,65
DropCatch.com 1051 LLC,79
DropCatch.com 1052 LLC,61
DropCatch.com 1053 LLC,59
DropCatch.com 1054 LLC,58
DropCatch.com 1055 LLC,63
DropCatch.com 1056 LLC,79
DropCatch.com 1057 LLC,69
DropCatch.com 1058 LLC,57
DropCatch.com 1059 LLC,69
DropCatch.com 1060 LLC,64
DropCatch.com 1061 LLC,60
DropCatch.com 1062 LLC,56
DropCatch.com 1063 LLC,63
DropCatch.com 1064 LLC,73
DropCatch.com 1065 LLC,60
DropCatch.com 1066 LLC,59
DropCatch.com 1067 LLC,47
DropCatch.com 1068 LLC,54
DropCatch.com 1069 LLC,58
DropCatch.com 1071 LLC,80
DropCatch.com 1072 LLC,61
DropCatch.com 1073 LLC,58
DropCatch.com 1074 LLC,63
DropCatch.com 1075 LLC,57
DropCatch.com 1076 LLC,66
DropCatch.com 1077 LLC,52
DropCatch.com 1078 LLC,53
DropCatch.com 1079 LLC,69
DropCatch.com 1080 LLC,65
DropCatch.com 1081 LLC,62
DropCatch.com 1082 LLC,73
DropCatch.com 1083 LLC,50
DropCatch.com 1084 LLC,67
DropCatch.com 1085 LLC,56
DropCatch.com 1086 LLC,64
DropCatch.com 1087 LLC,55
DropCatch.com 1088 LLC,53
DropCatch.com 1089 LLC,58
DropCatch.com 1090 LLC,65
DropCatch.com 1091 LLC,59
DropCatch.com 1092 LLC,50
DropCatch.com 1093 LLC,79
DropCatch.com 1094 LLC,56
DropCatch.com 1095 LLC,48
DropCatch.com 1096 LLC,52
DropCatch.com 1097 LLC,53
DropCatch.com 1099 LLC,69
DropCatch.com 1100 LLC,59
DropCatch.com 1101 LLC,64
DropCatch.com 1102 LLC,72
DropCatch.com 1103 LLC,52
DropCatch.com 1104 LLC,66
DropCatch.com 1105 LLC,52
DropCatch.com 1106 LLC,62
DropCatch.com 1107 LLC,65
DropCatch.com 1108 LLC,62
DropCatch.com 1109 LLC,49
DropCatch.com 1110 LLC,61
DropCatch.com 1111 LLC,44
DropCatch.com 1112 LLC,62
DropCatch.com 1113 LLC,64
DropCatch.com 1114 LLC,65
DropCatch.com 1115 LLC,52
DropCatch.com 1116 LLC,52
DropCatch.com 1117 LLC,66
DropCatch.com 1118 LLC,52
DropCatch.com 1120 LLC,61
DropCatch.com 1121 LLC,44
DropCatch.com 1122 LLC,52
DropCatch.com 1123 LLC,67
DropCatch.com 1124 LLC,53
DropCatch.com 1125 LLC,72
DropCatch.com 1126 LLC,49
DropCatch.com 1127 LLC,51
DropCatch.com 1128 LLC,66
DropCatch.com 1129 LLC,64
DropCatch.com 1130 LLC,69
DropCatch.com 1131 LLC,68
DropCatch.com 1132 LLC,57
DropCatch.com 1133 LLC,57
DropCatch.com 1134 LLC,52
DropCatch.com 1135 LLC,66
DropCatch.com 1136 LLC,70
DropCatch.com 1139 LLC,63
DropCatch.com 1140 LLC,69
DropCatch.com 1141 LLC,61
DropCatch.com 1142 LLC,80
DropCatch.com 1143 LLC,69
DropCatch.com 1144 LLC,51
DropCatch.com 1145 LLC,69
DropCatch.com 1146 LLC,72
DropCatch.com 1147 LLC,55
DropCatch.com 1148 LLC,72
DropCatch.com 1149 LLC,69
DropCatch.com 1150 LLC,58
DropCatch.com 1151 LLC,56
DropCatch.com 1152 LLC,56
DropCatch.com 1153 LLC,77
DropCatch.com 1154 LLC,68
DropCatch.com 1155 LLC,52
DropCatch.com 1156 LLC,63
DropCatch.com 1157 LLC,42
DropCatch.com 1158 LLC,66
DropCatch.com 1159 LLC,50
DropCatch.com 1160 LLC,60
DropCatch.com 1161 LLC,61
DropCatch.com 1162 LLC,57
DropCatch.com 1163 LLC,62
DropCatch.com 1164 LLC,57
DropCatch.com 1165 LLC,66
DropCatch.com 1166 LLC,65
DropCatch.com 1167 LLC,52
DropCatch.com 1168 LLC,57
DropCatch.com 1169 LLC,57
DropCatch.com 1170 LLC,54
DropCatch.com 1171 LLC,43
DropCatch.com 1172 LLC,56
DropCatch.com 1173 LLC,75
DropCatch.com 1174 LLC,72
DropCatch.com 1175 LLC,67
DropCatch.com 1176 LLC,52
DropCatch.com 1177 LLC,59
DropCatch.com 1178 LLC,79
DropCatch.com 1179 LLC,49
DropCatch.com 1180 LLC,82
DropCatch.com 1181 LLC,65
DropCatch.com 1182 LLC,52
DropCatch.com 1183 LLC,73
DropCatch.com 1184 LLC,50
DropCatch.com 1185 LLC,75
DropCatch.com 1186 LLC,59
DropCatch.com 1187 LLC,70
DropCatch.com 1188 LLC,75
DropCatch.com 1189 LLC,70
DropCatch.com 1190 LLC,65
DropCatch.com 1191 LLC,65
DropCatch.com 1192 LLC,71
DropCatch.com 1193 LLC,62
DropCatch.com 1194 LLC,81
DropCatch.com 1195 LLC,56
DropCatch.com 1196 LLC,68
DropCatch.com 1197 LLC,58
DropCatch.com 1198 LLC,67
DropCatch.com 1199 LLC,55
DropCatch.com 1200 LLC,51
DropCatch.com 1201 LLC,69
DropCatch.com 1202 LLC,73
DropCatch.com 1203 LLC,67
DropCatch.com 1204 LLC,87
DropCatch.com 1205 LLC,68
DropCatch.com 1206 LLC,55
DropCatch.com 1207 LLC,67
DropCatch.com 1209 LLC,63
DropCatch.com 1210 LLC,70
DropCatch.com 1211 LLC,69
DropCatch.com 1212 LLC,41
DropCatch.com 1213 LLC,68
DropCatch.com 1214 LLC,64
DropCatch.com 1215 LLC,70
DropCatch.com 1216 LLC,60
DropCatch.com 1217 LLC,75
DropCatch.com 1218 LLC,52
DropCatch.com 1220 LLC,67
DropCatch.com 1221 LLC,69
DropCatch.com 1222 LLC,81
DropCatch.com 1223 LLC,72
DropCatch.com 1224 LLC,53
DropCatch.com 1225 LLC,71
DropCatch.com 1226 LLC,84
DropCatch.com 1228 LLC,73
DropCatch.com 1229 LLC,72
DropCatch.com 1230 LLC,65
DropCatch.com 1231 LLC,61
DropCatch.com 1232 LLC,65
DropCatch.com 1233 LLC,65
DropCatch.com 1234 LLC,66
DropCatch.com 1235 LLC,38
DropCatch.com 1236 LLC,40
DropCatch.com 1237 LLC,67
DropCatch.com 1238 LLC,62
DropCatch.com 1239 LLC,58
DropCatch.com 1240 LLC,63
DropCatch.com 1241 LLC,57
DropCatch.com 1242 LLC,71
DropCatch.com 1243 LLC,66
DropCatch.com 1244 LLC,57
DropCatch.com 1245 LLC,61
DropCatch.com 1246 LLC,65
DropCatch.com 1247 LLC,63
DropCatch.com 1248 LLC,58
DropCatch.com 1249 LLC,62
DropCatch.com 1250 LLC,63
DropCatch.com 1251 LLC,47
DropCatch.com 1252 LLC,56
DropCatch.com 1253 LLC,74
DropCatch.com 1254 LLC,65
DropCatch.com 1255 LLC,70
DropCatch.com 1256 LLC,56
DropCatch.com 1257 LLC,15
DropCatch.com 1258 LLC,61
DropCatch.com 1259 LLC,72
DropCatch.com 1260 LLC,51
DropCatch.com 1261 LLC,57
DropCatch.com 1262 LLC,53
DropCatch.com 1263 LLC,75
DropCatch.com 1264 LLC,59
DropCatch.com 1265 LLC,51
DropCatch.com 1266 LLC,55
DropCatch.com 1267 LLC,82
DropCatch.com 1268 LLC,70
DropCatch.com 1269 LLC,61
DropCatch.com 1270 LLC,66
DropCatch.com 1271 LLC,60
DropCatch.com 1272 LLC,65
DropCatch.com 1273 LLC,75
DropCatch.com 1274 LLC,60
DropCatch.com 1275 LLC,68
DropCatch.com 1276 LLC,62
DropCatch.com 1277 LLC,77
DropCatch.com 1278 LLC,55
DropCatch.com 1279 LLC,76
DropCatch.com 1280 LLC,86
DropCatch.com 1281 LLC,72
DropCatch.com 1282 LLC,74
DropCatch.com 1283 LLC,82
DropCatch.com 1284 LLC,69
DropCatch.com 1285 LLC,60
DropCatch.com 1286 LLC,68
DropCatch.com 1287 LLC,63
DropCatch.com 1288 LLC,70
DropCatch.com 1289 LLC,69
DropCatch.com 1290 LLC,70
DropCatch.com 1291 LLC,5
DropCatch.com 1292 LLC,11
DropCatch.com 1293 LLC,63
DropCatch.com 1294 LLC,57
DropCatch.com 1295 LLC,52
DropCatch.com 1296 LLC,47
DropCatch.com 1297 LLC,58
DropCatch.com 1298 LLC,54
DropCatch.com 1299 LLC,49
DropCatch.com 1300 LLC,16
DropCatch.com 1301 LLC,54
DropCatch.com 1302 LLC,62
DropCatch.com 1303 LLC,65
DropCatch.com 1304 LLC,69
DropCatch.com 1305 LLC,77
DropCatch.com 1306 LLC,73
DropCatch.com 1307 LLC,68
DropCatch.com 1308 LLC,71
DropCatch.com 1309 LLC,76
DropCatch.com 1310 LLC,59
DropCatch.com 1311 LLC,59
DropCatch.com 1312 LLC,55
DropCatch.com 1313 LLC,55
DropCatch.com 1314 LLC,67
DropCatch.com 1315 LLC,18
DropCatch.com 1316 LLC,63
DropCatch.com 1317 LLC,22
DropCatch.com 1318 LLC,44
DropCatch.com 1319 LLC,61
DropCatch.com 1320 LLC,78
DropCatch.com 1321 LLC,53
DropCatch.com 1322 LLC,55
DropCatch.com 1323 LLC,63
DropCatch.com 1324 LLC,66
DropCatch.com 1325 LLC,61
DropCatch.com 1326 LLC,58
DropCatch.com 1327 LLC,58
DropCatch.com 1328 LLC,57
DropCatch.com 1329 LLC,75
DropCatch.com 1330 LLC,66
DropCatch.com 1331 LLC,64
DropCatch.com 1332 LLC,57
DropCatch.com 1333 LLC,69
DropCatch.com 1334 LLC,60
DropCatch.com 1335 LLC,55
DropCatch.com 1336 LLC,61
DropCatch.com 1337 LLC,71
DropCatch.com 1338 LLC,56
DropCatch.com 1339 LLC,60
DropCatch.com 1340 LLC,62
DropCatch.com 1341 LLC,62
DropCatch.com 1342 LLC,88
DropCatch.com 1343 LLC,73
DropCatch.com 1344 LLC,70
DropCatch.com 1345 LLC,73
DropCatch.com 1346 LLC,55
DropCatch.com 1347 LLC,69
DropCatch.com 1348 LLC,58
DropCatch.com 1349 LLC,52
DropCatch.com 1350 LLC,67
DropCatch.com 1351 LLC,58
DropCatch.com 1352 LLC,63
DropCatch.com 1353 LLC,64
DropCatch.com 1354 LLC,69
DropCatch.com 1355 LLC,63
DropCatch.com 1356 LLC,69
DropCatch.com 1357 LLC,70
DropCatch.com 1358 LLC,66
DropCatch.com 1359 LLC,57
DropCatch.com 1360 LLC,58
DropCatch.com 1361 LLC,32
DropCatch.com 1362 LLC,47
DropCatch.com 1363 LLC,48
DropCatch.com 1364 LLC,73
DropCatch.com 1365 LLC,56
DropCatch.com 1366 LLC,65
DropCatch.com 1367 LLC,71
DropCatch.com 1368 LLC,69
DropCatch.com 1369 LLC,76
DropCatch.com 1370 LLC,13
DropCatch.com 1371 LLC,73
DropCatch.com 1372 LLC,45
DropCatch.com 1373 LLC,52
DropCatch.com 1374 LLC,67
DropCatch.com 1375 LLC,64
DropCatch.com 1376 LLC,65
DropCatch.com 1377 LLC,68
DropCatch.com 1378 LLC,57
DropCatch.com 1379 LLC,51
DropCatch.com 1380 LLC,73
DropCatch.com 1381 LLC,64
DropCatch.com 1382 LLC,62
DropCatch.com 1383 LLC,64
DropCatch.com 1384 LLC,51
DropCatch.com 1385 LLC,76
DropCatch.com 1386 LLC,77
DropCatch.com 1387 LLC,66
DropCatch.com 1388 LLC,62
DropCatch.com 1389 LLC,53
DropCatch.com 1390 LLC,65
DropCatch.com 1391 LLC,69
DropCatch.com 1392 LLC,74
DropCatch.com 1393 LLC,73
DropCatch.com 1394 LLC,75
DropCatch.com 1395 LLC,77
DropCatch.com 1396 LLC,73
DropCatch.com 1397 LLC,71
DropCatch.com 1398 LLC,54
DropCatch.com 1399 LLC,64
DropCatch.com 1400 LLC,51
DropCatch.com 1401 LLC,66
DropCatch.com 1402 LLC,56
DropCatch.com 1403 LLC,63
DropCatch.com 1404 LLC,67
DropCatch.com 1405 LLC,54
DropCatch.com 1406 LLC,77
DropCatch.com 1407 LLC,19
DropCatch.com 1408 LLC,60
DropCatch.com 1409 LLC,47
DropCatch.com 1410 LLC,46
DropCatch.com 1411 LLC,47
DropCatch.com 1412 LLC,58
DropCatch.com 1413 LLC,41
DropCatch.com 1414 LLC,51
DropCatch.com 1415 LLC,43
DropCatch.com 1416 LLC,51
DropCatch.com 1417 LLC,54
DropCatch.com 1418 LLC,47
DropCatch.com 1419 LLC,60
DropCatch.com 1420 LLC,41
DropCatch.com 1421 LLC,52
DropCatch.com 1422 LLC,48
DropCatch.com 1423 LLC,7
DropCatch.com 1424 LLC,43
DropCatch.com 1425 LLC,62
DropCatch.com 1426 LLC,64
DropCatch.com 1427 LLC,57
DropCatch.com 1428 LLC,51
DropCatch.com 1429 LLC,59
DropCatch.com 1430 LLC,57
DropCatch.com 1431 LLC,45
DropCatch.com 1432 LLC,52
DropCatch.com 1433 LLC,55
DropCatch.com 1434 LLC,45
DropCatch.com 1435 LLC,30
DropCatch.com 1436 LLC,50
DropCatch.com 1437 LLC,56
DropCatch.com 1438 LLC,58
DropCatch.com 1439 LLC,62
DropCatch.com 1440 LLC,42
DropCatch.com 1441 LLC,60
DropCatch.com 1442 LLC,53
DropCatch.com 1443 LLC,59
DropCatch.com 1444 LLC,66
DropCatch.com 1445 LLC,56
DropCatch.com 1446 LLC,65
DropCatch.com 1447 LLC,58
DropCatch.com 1448 LLC,59
DropCatch.com 1449 LLC,54
DropCatch.com 1450 LLC,55
DropCatch.com 1451 LLC,57
DropCatch.com 1452 LLC,47
DropCatch.com 1453 LLC,47
DropCatch.com 1454 LLC,61
DropCatch.com 1455 LLC,65
DropCatch.com 1456 LLC,63
DropCatch.com 1457 LLC,63
DropCatch.com 1458 LLC,65
DropCatch.com 1459 LLC,69
DropCatch.com 1460 LLC,56
DropCatch.com 1461 LLC,48
DropCatch.com 1462 LLC,40
DropCatch.com 1463 LLC,70
DropCatch.com 1464 LLC,64
DropCatch.com 1465 LLC,70
DropCatch.com 1466 LLC,68
DropCatch.com 1467 LLC,64
DropCatch.com 1468 LLC,66
DropCatch.com 1469 LLC,58
DropCatch.com 1470 LLC,55
DropCatch.com 1471 LLC,53
DropCatch.com 1472 LLC,59
DropCatch.com 1473 LLC,75
DropCatch.com 1474 LLC,62
DropCatch.com 1475 LLC,57
DropCatch.com 1476 LLC,50
DropCatch.com 1477 LLC,52
DropCatch.com 1478 LLC,66
DropCatch.com 1479 LLC,60
DropCatch.com 1480 LLC,52
DropCatch.com 1481 LLC,51
DropCatch.com 1482 LLC,43
DropCatch.com 1483 LLC,61
DropCatch.com 1484 LLC,75
DropCatch.com 1485 LLC,59
DropCatch.com 1486 LLC,42
DropCatch.com 1487 LLC,51
DropCatch.com 1488 LLC,53
DropCatch.com 1489 LLC,70
DropCatch.com 1490 LLC,61
DropCatch.com 1491 LLC,46
DropCatch.com 1492 LLC,55
DropCatch.com 1493 LLC,66
DropCatch.com 1494 LLC,74
DropCatch.com 1495 LLC,60
DropCatch.com 1496 LLC,61
DropCatch.com 1497 LLC,67
DropCatch.com 1498 LLC,38
DropCatch.com 1499 LLC,70
DropCatch.com 1500 LLC,63
DropCatch.com 1501 LLC,65
DropCatch.com 1502 LLC,65
DropCatch.com 1503 LLC,66
DropCatch.com 1504 LLC,40
DropCatch.com 1505 LLC,64
DropCatch.com 1506 LLC,61
DropCatch.com 1507 LLC,59
DropCatch.com 1508 LLC,66
DropCatch.com 1509 LLC,72
DropCatch.com 1510 LLC,74
DropCatch.com 1511 LLC,63
DropCatch.com 1512 LLC,61
DropCatch.com 1513 LLC,55
DropCatch.com 1514 LLC,66
DropCatch.com 1515 LLC,62
DropCatch.com 1516 LLC,73
DropCatch.com 1517 LLC,41
DropCatch.com 1518 LLC,66
DropCatch.com 1519 LLC,66
DropCatch.com 1520 LLC,51
DropCatch.com 1521 LLC,66
DropCatch.com 1522 LLC,65
DropCatch.com 1523 LLC,63
DropCatch.com 1524 LLC,65
DropCatch.com 1525 LLC,68
DropCatch.com 1526 LLC,62
DropCatch.com 1527 LLC,69
DropCatch.com 1528 LLC,63
DropCatch.com 1529 LLC,73
DropCatch.com 1530 LLC,71
DropCatch.com 1531 LLC,67
DropCatch.com 1532 LLC,67
DropCatch.com 1533 LLC,78
DropCatch.com 1534 LLC,71
DropCatch.com 1535 LLC,69
DropCatch.com 1536 LLC,52
DropCatch.com 1537 LLC,60
DropCatch.com 1538 LLC,56
DropCatch.com 1539 LLC,73
DropCatch.com 1540 LLC,71
DropCatch.com 1541 LLC,77
DropCatch.com 1542 LLC,69
DropCatch.com 1543 LLC,72
DropCatch.com 1544 LLC,44
DropCatch.com 1545 LLC,60
DropCatch.com 345 LLC,3774
DropCatch.com 346 LLC,4067
DropCatch.com 347 LLC,3649
DropCatch.com 348 LLC,4033
DropCatch.com 349 LLC,3665
DropCatch.com 350 LLC,3062
DropCatch.com 351 LLC,3010
DropCatch.com 352 LLC,3094
DropCatch.com 353 LLC,3533
DropCatch.com 354 LLC,3506
DropCatch.com 355 LLC,4252
DropCatch.com 356 LLC,4298
DropCatch.com 357 LLC,4289
DropCatch.com 358 LLC,4522
DropCatch.com 359 LLC,4238
DropCatch.com 360 LLC,4268
DropCatch.com 361 LLC,4351
DropCatch.com 362 LLC,4313
DropCatch.com 363 LLC,4071
DropCatch.com 364 LLC,4156
DropCatch.com 365 LLC,4182
DropCatch.com 366 LLC,4088
DropCatch.com 367 LLC,3839
DropCatch.com 368 LLC,3734
DropCatch.com 369 LLC,3859
DropCatch.com 370 LLC,3864
DropCatch.com 371 LLC,3789
DropCatch.com 372 LLC,3683
DropCatch.com 373 LLC,3784
DropCatch.com 374 LLC,3694
DropCatch.com 375 LLC,3328
DropCatch.com 376 LLC,3736
DropCatch.com 377 LLC,3702
DropCatch.com 378 LLC,3688
DropCatch.com 379 LLC,3835
DropCatch.com 380 LLC,3571
DropCatch.com 381 LLC,3941
DropCatch.com 382 LLC,3589
DropCatch.com 383 LLC,3746
DropCatch.com 384 LLC,3781
DropCatch.com 385 LLC,4061
DropCatch.com 386 LLC,4213
DropCatch.com 387 LLC,4025
DropCatch.com 388 LLC,3941
DropCatch.com 389 LLC,3852
DropCatch.com 390 LLC,3972
DropCatch.com 391 LLC,4101
DropCatch.com 392 LLC,4157
DropCatch.com 393 LLC,4033
DropCatch.com 394 LLC,4213
DropCatch.com 395 LLC,3972
DropCatch.com 396 LLC,3797
DropCatch.com 397 LLC,4228
DropCatch.com 398 LLC,4133
DropCatch.com 399 LLC,4130
DropCatch.com 400 LLC,4191
DropCatch.com 401 LLC,4214
DropCatch.com 402 LLC,4298
DropCatch.com 403 LLC,3917
DropCatch.com 404 LLC,4028
DropCatch.com 405 LLC,3356
DropCatch.com 406 LLC,3581
DropCatch.com 407 LLC,3823
DropCatch.com 408 LLC,3552
DropCatch.com 409 LLC,3370
DropCatch.com 410 LLC,3724
DropCatch.com 411 LLC,4096
DropCatch.com 412 LLC,3531
DropCatch.com 413 LLC,3984
DropCatch.com 414 LLC,4419
DropCatch.com 415 LLC,4560
DropCatch.com 416 LLC,4971
DropCatch.com 417 LLC,4875
DropCatch.com 418 LLC,4613
DropCatch.com 419 LLC,4835
DropCatch.com 420 LLC,4912
DropCatch.com 421 LLC,4872
DropCatch.com 422 LLC,5037
DropCatch.com 423 LLC,4893
DropCatch.com 424 LLC,4830
DropCatch.com 425 LLC,4661
DropCatch.com 426 LLC,4610
DropCatch.com 427 LLC,4700
DropCatch.com 428 LLC,4774
DropCatch.com 429 LLC,4734
DropCatch.com 430 LLC,5047
DropCatch.com 431 LLC,4247
DropCatch.com 432 LLC,4651
DropCatch.com 433 LLC,4585
DropCatch.com 434 LLC,4772
DropCatch.com 435 LLC,4425
DropCatch.com 436 LLC,5076
DropCatch.com 437 LLC,5049
DropCatch.com 438 LLC,4876
DropCatch.com 439 LLC,5451
DropCatch.com 440 LLC,5132
DropCatch.com 441 LLC,5111
DropCatch.com 442 LLC,5275
DropCatch.com 443 LLC,5115
DropCatch.com 444 LLC,5206
DropCatch.com 445 LLC,5030
DropCatch.com 446 LLC,2058
DropCatch.com 447 LLC,2039
DropCatch.com 448 LLC,2166
DropCatch.com 449 LLC,2038
DropCatch.com 450 LLC,1942
DropCatch.com 451 LLC,2234
DropCatch.com 452 LLC,2120
DropCatch.com 453 LLC,2106
DropCatch.com 454 LLC,2037
DropCatch.com 455 LLC,2166
DropCatch.com 456 LLC,2376
DropCatch.com 457 LLC,2392
DropCatch.com 458 LLC,2526
DropCatch.com 459 LLC,1870
DropCatch.com 460 LLC,2442
DropCatch.com 461 LLC,2163
DropCatch.com 462 LLC,2262
DropCatch.com 463 LLC,1844
DropCatch.com 464 LLC,2403
DropCatch.com 465 LLC,2586
DropCatch.com 466 LLC,2637
DropCatch.com 467 LLC,2516
DropCatch.com 468 LLC,2592
DropCatch.com 469 LLC,2475
DropCatch.com 470 LLC,2350
DropCatch.com 471 LLC,2574
DropCatch.com 472 LLC,2560
DropCatch.com 473 LLC,2345
DropCatch.com 474 LLC,1764
DropCatch.com 475 LLC,2142
DropCatch.com 476 LLC,2275
DropCatch.com 477 LLC,2298
DropCatch.com 478 LLC,2220
DropCatch.com 479 LLC,2178
DropCatch.com 480 LLC,2244
DropCatch.com 481 LLC,2059
DropCatch.com 482 LLC,2212
DropCatch.com 483 LLC,2240
DropCatch.com 484 LLC,2265
DropCatch.com 485 LLC,2160
DropCatch.com 486 LLC,2183
DropCatch.com 487 LLC,2261
DropCatch.com 488 LLC,2150
DropCatch.com 489 LLC,2209
DropCatch.com 490 LLC,2139
DropCatch.com 491 LLC,2115
DropCatch.com 492 LLC,2210
DropCatch.com 493 LLC,2413
DropCatch.com 494 LLC,2278
DropCatch.com 495 LLC,2333
DropCatch.com 496 LLC,2245
DropCatch.com 497 LLC,2321
DropCatch.com 498 LLC,2339
DropCatch.com 499 LLC,2412
DropCatch.com 500 LLC,2353
DropCatch.com 501 LLC,2325
DropCatch.com 502 LLC,2304
DropCatch.com 503 LLC,2625
DropCatch.com 504 LLC,2389
DropCatch.com 505 LLC,2518
DropCatch.com 506 LLC,2397
DropCatch.com 507 LLC,2376
DropCatch.com 508 LLC,2288
DropCatch.com 509 LLC,2251
DropCatch.com 510 LLC,2308
DropCatch.com 511 LLC,2165
DropCatch.com 512 LLC,2439
DropCatch.com 513 LLC,2358
DropCatch.com 514 LLC,2273
DropCatch.com 515 LLC,2383
DropCatch.com 516 LLC,2185
DropCatch.com 517 LLC,2201
DropCatch.com 518 LLC,2251
DropCatch.com 519 LLC,2338
DropCatch.com 520 LLC,1566
DropCatch.com 521 LLC,2347
DropCatch.com 522 LLC,1413
DropCatch.com 523 LLC,2386
DropCatch.com 524 LLC,2241
DropCatch.com 525 LLC,2432
DropCatch.com 526 LLC,2494
DropCatch.com 527 LLC,2262
DropCatch.com 528 LLC,2235
DropCatch.com 529 LLC,2486
DropCatch.com 530 LLC,1802
DropCatch.com 531 LLC,2436
DropCatch.com 532 LLC,2470
DropCatch.com 533 LLC,2449
DropCatch.com 534 LLC,2494
DropCatch.com 535 LLC,2440
DropCatch.com 536 LLC,2169
DropCatch.com 537 LLC,2431
DropCatch.com 538 LLC,2410
DropCatch.com 539 LLC,2391
DropCatch.com 540 LLC,2424
DropCatch.com 541 LLC,2501
DropCatch.com 542 LLC,2378
DropCatch.com 543 LLC,2366
DropCatch.com 544 LLC,2428
DropCatch.com 545 LLC,2413
DropCatch.com 546 LLC,2515
DropCatch.com 547 LLC,2393
DropCatch.com 548 LLC,2437
DropCatch.com 549 LLC,2326
DropCatch.com 550 LLC,2561
DropCatch.com 551 LLC,2454
DropCatch.com 552 LLC,2516
DropCatch.com 553 LLC,2485
DropCatch.com 554 LLC,2470
DropCatch.com 555 LLC,2331
DropCatch.com 556 LLC,2447
DropCatch.com 557 LLC,2370
DropCatch.com 558 LLC,2397
DropCatch.com 559 LLC,2439
DropCatch.com 560 LLC,2423
DropCatch.com 561 LLC,2474
DropCatch.com 562 LLC,2395
DropCatch.com 563 LLC,2399
DropCatch.com 564 LLC,2445
DropCatch.com 565 LLC,2567
DropCatch.com 566 LLC,2505
DropCatch.com 567 LLC,2545
DropCatch.com 568 LLC,2385
DropCatch.com 569 LLC,2283
DropCatch.com 570 LLC,1726
DropCatch.com 571 LLC,2231
DropCatch.com 572 LLC,2334
DropCatch.com 573 LLC,2344
DropCatch.com 574 LLC,2255
DropCatch.com 575 LLC,2385
DropCatch.com 576 LLC,2327
DropCatch.com 577 LLC,2296
DropCatch.com 578 LLC,2394
DropCatch.com 579 LLC,2386
DropCatch.com 580 LLC,2290
DropCatch.com 581 LLC,2343
DropCatch.com 582 LLC,2281
DropCatch.com 583 LLC,2314
DropCatch.com 584 LLC,2388
DropCatch.com 585 LLC,2204
DropCatch.com 586 LLC,2256
DropCatch.com 587 LLC,2217
DropCatch.com 588 LLC,2090
DropCatch.com 589 LLC,2277
DropCatch.com 590 LLC,2216
DropCatch.com 591 LLC,2130
DropCatch.com 592 LLC,2209
DropCatch.com 593 LLC,2324
DropCatch.com 594 LLC,2223
DropCatch.com 595 LLC,2124
DropCatch.com 596 LLC,2172
DropCatch.com 597 LLC,2130
DropCatch.com 598 LLC,2273
DropCatch.com 599 LLC,2317
DropCatch.com 600 LLC,2346
DropCatch.com 601 LLC,2171
DropCatch.com 602 LLC,2129
DropCatch.com 603 LLC,2198
DropCatch.com 604 LLC,1992
DropCatch.com 605 LLC,2045
DropCatch.com 606 LLC,2172
DropCatch.com 607 LLC,2075
DropCatch.com 608 LLC,2135
DropCatch.com 609 LLC,2171
DropCatch.com 610 LLC,2517
DropCatch.com 611 LLC,2275
DropCatch.com 612 LLC,2294
DropCatch.com 613 LLC,2354
DropCatch.com 614 LLC,2386
DropCatch.com 615 LLC,2244
DropCatch.com 616 LLC,2202
DropCatch.com 617 LLC,2435
DropCatch.com 618 LLC,2361
DropCatch.com 619 LLC,2880
DropCatch.com 620 LLC,2418
DropCatch.com 621 LLC,2303
DropCatch.com 622 LLC,2377
DropCatch.com 623 LLC,2338
DropCatch.com 624 LLC,2543
DropCatch.com 625 LLC,2172
DropCatch.com 626 LLC,2325
DropCatch.com 627 LLC,2249
DropCatch.com 628 LLC,2196
DropCatch.com 629 LLC,2625
DropCatch.com 630 LLC,2306
DropCatch.com 631 LLC,2360
DropCatch.com 632 LLC,2368
DropCatch.com 633 LLC,2219
DropCatch.com 634 LLC,2232
DropCatch.com 635 LLC,2179
DropCatch.com 636 LLC,2255
DropCatch.com 637 LLC,2109
DropCatch.com 638 LLC,2155
DropCatch.com 639 LLC,2189
DropCatch.com 640 LLC,2326
DropCatch.com 641 LLC,2185
DropCatch.com 642 LLC,2283
DropCatch.com 643 LLC,2332
DropCatch.com 644 LLC,2176
DropCatch.com 645 LLC,2225
DropCatch.com 646 LLC,2282
DropCatch.com 647 LLC,2238
DropCatch.com 648 LLC,2329
DropCatch.com 649 LLC,2244
DropCatch.com 650 LLC,2345
DropCatch.com 651 LLC,2398
DropCatch.com 652 LLC,2416
DropCatch.com 653 LLC,2320
DropCatch.com 654 LLC,2310
DropCatch.com 655 LLC,2049
DropCatch.com 656 LLC,2200
DropCatch.com 657 LLC,2152
DropCatch.com 658 LLC,2251
DropCatch.com 659 LLC,2397
DropCatch.com 660 LLC,2238
DropCatch.com 661 LLC,2163
DropCatch.com 662 LLC,2219
DropCatch.com 663 LLC,2275
DropCatch.com 664 LLC,2284
DropCatch.com 665 LLC,2142
DropCatch.com 666 LLC,2164
DropCatch.com 667 LLC,2131
DropCatch.com 668 LLC,2236
DropCatch.com 669 LLC,2023
DropCatch.com 670 LLC,2106
DropCatch.com 671 LLC,2097
DropCatch.com 672 LLC,2125
DropCatch.com 673 LLC,2161
DropCatch.com 674 LLC,2115
DropCatch.com 675 LLC,2134
DropCatch.com 676 LLC,2176
DropCatch.com 677 LLC,2090
DropCatch.com 678 LLC,1990
DropCatch.com 679 LLC,2146
DropCatch.com 680 LLC,2147
DropCatch.com 681 LLC,1865
DropCatch.com 682 LLC,2543
DropCatch.com 683 LLC,2450
DropCatch.com 684 LLC,2457
DropCatch.com 685 LLC,2366
DropCatch.com 686 LLC,2369
DropCatch.com 687 LLC,2401
DropCatch.com 688 LLC,2023
DropCatch.com 689 LLC,2555
DropCatch.com 690 LLC,2360
DropCatch.com 691 LLC,2554
DropCatch.com 692 LLC,2401
DropCatch.com 693 LLC,2501
DropCatch.com 694 LLC,2450
DropCatch.com 695 LLC,2644
DropCatch.com 696 LLC,2497
DropCatch.com 697 LLC,2221
DropCatch.com 698 LLC,2322
DropCatch.com 699 LLC,2176
DropCatch.com 700 LLC,2283
DropCatch.com 701 LLC,2402
DropCatch.com 702 LLC,2211
DropCatch.com 703 LLC,2220
DropCatch.com 704 LLC,2409
DropCatch.com 705 LLC,2369
DropCatch.com 706 LLC,2328
DropCatch.com 707 LLC,2249
DropCatch.com 708 LLC,2249
DropCatch.com 709 LLC,2235
DropCatch.com 710 LLC,2178
DropCatch.com 711 LLC,2267
DropCatch.com 712 LLC,2194
DropCatch.com 713 LLC,2304
DropCatch.com 714 LLC,2439
DropCatch.com 715 LLC,2472
DropCatch.com 716 LLC,2472
DropCatch.com 717 LLC,2456
DropCatch.com 718 LLC,2492
DropCatch.com 719 LLC,2550
DropCatch.com 720 LLC,2683
DropCatch.com 721 LLC,2428
DropCatch.com 722 LLC,2402
DropCatch.com 723 LLC,2263
DropCatch.com 724 LLC,2331
DropCatch.com 725 LLC,2616
DropCatch.com 726 LLC,2304
DropCatch.com 727 LLC,2435
DropCatch.com 728 LLC,2454
DropCatch.com 729 LLC,2216
DropCatch.com 730 LLC,2404
DropCatch.com 731 LLC,2366
DropCatch.com 732 LLC,2544
DropCatch.com 733 LLC,2449
DropCatch.com 734 LLC,2485
DropCatch.com 735 LLC,2483
DropCatch.com 736 LLC,2532
DropCatch.com 737 LLC,2507
DropCatch.com 738 LLC,2336
DropCatch.com 739 LLC,2515
DropCatch.com 740 LLC,2506
DropCatch.com 741 LLC,2623
DropCatch.com 742 LLC,2599
DropCatch.com 743 LLC,2677
DropCatch.com 744 LLC,2642
Dropcatch.com 745 LLC,2652
DropCatch.com 746 LLC,1659
DropCatch.com 747 LLC,1629
DropCatch.com 748 LLC,1504
DropCatch.com 749 LLC,1681
DropCatch.com 750 LLC,1580
DropCatch.com 751 LLC,1684
DropCatch.com 752 LLC,1566
DropCatch.com 753 LLC,1482
DropCatch.com 754 LLC,1693
DropCatch.com 755 LLC,1665
DropCatch.com 756 LLC,1522
DropCatch.com 757 LLC,1592
DropCatch.com 758 LLC,1112
DropCatch.com 759 LLC,1662
DropCatch.com 760 LLC,1579
DropCatch.com 761 LLC,1675
DropCatch.com 762 LLC,1598
DropCatch.com 763 LLC,1556
DropCatch.com 764 LLC,1673
DropCatch.com 765 LLC,1569
DropCatch.com 766 LLC,1745
DropCatch.com 767 LLC,1692
DropCatch.com 768 LLC,1654
DropCatch.com 769 LLC,1465
DropCatch.com 770 LLC,1737
DropCatch.com 771 LLC,1591
DropCatch.com 772 LLC,1516
DropCatch.com 773 LLC,1615
DropCatch.com 774 LLC,1483
DropCatch.com 775 LLC,1701
DropCatch.com 776 LLC,1605
DropCatch.com 777 LLC,1635
DropCatch.com 778 LLC,1636
DropCatch.com 779 LLC,1634
DropCatch.com 780 LLC,1577
DropCatch.com 781 LLC,1684
DropCatch.com 782 LLC,1637
DropCatch.com 783 LLC,1496
DropCatch.com 784 LLC,1706
DropCatch.com 785 LLC,1641
DropCatch.com 786 LLC,1544
DropCatch.com 787 LLC,1513
DropCatch.com 788 LLC,1688
DropCatch.com 789 LLC,1529
DropCatch.com 790 LLC,1707
DropCatch.com 791 LLC,1786
DropCatch.com 792 LLC,1522
DropCatch.com 793 LLC,1708
DropCatch.com 794 LLC,1611
DropCatch.com 795 LLC,1507
DropCatch.com 796 LLC,1452
DropCatch.com 797 LLC,1629
DropCatch.com 798 LLC,1599
DropCatch.com 799 LLC,1422
DropCatch.com 800 LLC,1615
DropCatch.com 801 LLC,1608
DropCatch.com 802 LLC,1493
DropCatch.com 803 LLC,1718
DropCatch.com 804 LLC,1593
DropCatch.com 805 LLC,1573
DropCatch.com 806 LLC,1545
DropCatch.com 807 LLC,1662
DropCatch.com 808 LLC,1465
DropCatch.com 809 LLC,1632
DropCatch.com 810 LLC,1623
DropCatch.com 811 LLC,1513
DropCatch.com 812 LLC,1627
DropCatch.com 813 LLC,1630
DropCatch.com 814 LLC,1501
DropCatch.com 815 LLC,1567
DropCatch.com 816 LLC,1673
DropCatch.com 817 LLC,1498
DropCatch.com 818 LLC,1603
DropCatch.com 819 LLC,1758
DropCatch.com 820 LLC,1455
DropCatch.com 821 LLC,1538
DropCatch.com 822 LLC,1505
DropCatch.com 823 LLC,1694
DropCatch.com 824 LLC,1625
DropCatch.com 825 LLC,1336
DropCatch.com 826 LLC,1734
DropCatch.com 827 LLC,1624
DropCatch.com 828 LLC,1427
DropCatch.com 829 LLC,1750
DropCatch.com 830 LLC,1637
DropCatch.com 831 LLC,1424
DropCatch.com 832 LLC,1665
DropCatch.com 833 LLC,1618
DropCatch.com 834 LLC,1569
DropCatch.com 835 LLC,1678
DropCatch.com 836 LLC,1576
DropCatch.com 837 LLC,1530
DropCatch.com 838 LLC,1723
DropCatch.com 839 LLC,1650
DropCatch.com 840 LLC,1522
DropCatch.com 841 LLC,1679
DropCatch.com 842 LLC,1471
DropCatch.com 843 LLC,1484
DropCatch.com 844 LLC,1638
DropCatch.com 845 LLC,1593
DropCatch.com 846 LLC,1628
DropCatch.com 847 LLC,1676
DropCatch.com 848 LLC,1714
DropCatch.com 849 LLC,1642
DropCatch.com 850 LLC,1800
DropCatch.com 851 LLC,1677
DropCatch.com 852 LLC,1764
DropCatch.com 853 LLC,1691
DropCatch.com 854 LLC,1774
DropCatch.com 855 LLC,1561
DropCatch.com 856 LLC,1633
DropCatch.com 857 LLC,1776
DropCatch.com 858 LLC,1823
DropCatch.com 859 LLC,1581
DropCatch.com 860 LLC,1590
DropCatch.com 861 LLC,1562
DropCatch.com 862 LLC,1831
DropCatch.com 863 LLC,1752
DropCatch.com 864 LLC,1565
DropCatch.com 865 LLC,1547
DropCatch.com 866 LLC,1481
DropCatch.com 867 LLC,1557
DropCatch.com 868 LLC,1533
DropCatch.com 869 LLC,1558
DropCatch.com 870 LLC,1637
DropCatch.com 871 LLC,1842
DropCatch.com 872 LLC,1685
DropCatch.com 873 LLC,1673
DropCatch.com 874 LLC,1635
DropCatch.com 875 LLC,1684
DropCatch.com 876 LLC,1629
DropCatch.com 877 LLC,1696
DropCatch.com 878 LLC,1502
DropCatch.com 879 LLC,1556
DropCatch.com 880 LLC,1595
DropCatch.com 881 LLC,1731
DropCatch.com 882 LLC,1501
DropCatch.com 883 LLC,1458
DropCatch.com 884 LLC,1494
DropCatch.com 885 LLC,1467
DropCatch.com 886 LLC,1584
DropCatch.com 887 LLC,1569
DropCatch.com 888 LLC,1536
DropCatch.com 889 LLC,1492
DropCatch.com 890 LLC,1554
DropCatch.com 891 LLC,1524
DropCatch.com 892 LLC,1445
DropCatch.com 893 LLC,1528
DropCatch.com 894 LLC,1460
DropCatch.com 895 LLC,1480
DropCatch.com 896 LLC,1739
DropCatch.com 897 LLC,1614
DropCatch.com 898 LLC,1505
DropCatch.com 899 LLC,1499
DropCatch.com 900 LLC,1543
DropCatch.com 901 LLC,1515
DropCatch.com 902 LLC,1652
DropCatch.com 903 LLC,1508
DropCatch.com 904 LLC,1522
DropCatch.com 905 LLC,1570
DropCatch.com 906 LLC,1600
DropCatch.com 907 LLC,1638
DropCatch.com 908 LLC,1559
DropCatch.com 909 LLC,1615
DropCatch.com 910 LLC,1452
DropCatch.com 911 LLC,1536
DropCatch.com 912 LLC,1523
DropCatch.com 913 LLC,1498
DropCatch.com 914 LLC,1615
DropCatch.com 915 LLC,1538
DropCatch.com 916 LLC,1580
DropCatch.com 917 LLC,1518
DropCatch.com 918 LLC,1461
DropCatch.com 919 LLC,1431
DropCatch.com 920 LLC,1438
DropCatch.com 921 LLC,1504
DropCatch.com 922 LLC,1738
DropCatch.com 923 LLC,1718
DropCatch.com 924 LLC,1626
DropCatch.com 925 LLC,1585
DropCatch.com 926 LLC,1457
DropCatch.com 927 LLC,1467
DropCatch.com 928 LLC,1519
DropCatch.com 929 LLC,1434
DropCatch.com 930 LLC,1517
DropCatch.com 931 LLC,1618
DropCatch.com 932 LLC,1521
DropCatch.com 933 LLC,1525
DropCatch.com 934 LLC,1528
DropCatch.com 935 LLC,1370
DropCatch.com 936 LLC,1600
DropCatch.com 937 LLC,1559
DropCatch.com 938 LLC,1505
DropCatch.com 939 LLC,1564
DropCatch.com 940 LLC,1634
DropCatch.com 941 LLC,1578
DropCatch.com 942 LLC,1511
DropCatch.com 943 LLC,1561
DropCatch.com 944 LLC,1543
DropCatch.com 945 LLC,1564
DropCatch.com 946 LLC,1590
DropCatch.com 947 LLC,1688
DropCatch.com 948 LLC,1574
DropCatch.com 949 LLC,1649
DropCatch.com 950 LLC,1578
DropCatch.com 951 LLC,1584
DropCatch.com 952 LLC,1541
DropCatch.com 953 LLC,1525
DropCatch.com 954 LLC,1608
DropCatch.com 955 LLC,1778
DropCatch.com 956 LLC,1587
DropCatch.com 957 LLC,1571
DropCatch.com 958 LLC,1451
DropCatch.com 959 LLC,1582
DropCatch.com 960 LLC,1757
DropCatch.com 961 LLC,1531
DropCatch.com 962 LLC,1763
DropCatch.com 963 LLC,1797
DropCatch.com 964 LLC,1762
DropCatch.com 965 LLC,1721
DropCatch.com 966 LLC,1727
DropCatch.com 967 LLC,1688
DropCatch.com 968 LLC,1712
DropCatch.com 969 LLC,1741
DropCatch.com 970 LLC,1756
DropCatch.com 971 LLC,1724
DropCatch.com 972 LLC,1667
DropCatch.com 973 LLC,1590
DropCatch.com 974 LLC,1643
DropCatch.com 975 LLC,1713
DropCatch.com 976 LLC,1727
DropCatch.com 977 LLC,1670
DropCatch.com 978 LLC,1617
DropCatch.com 979 LLC,1586
DropCatch.com 980 LLC,1656
DropCatch.com 981 LLC,1479
DropCatch.com 982 LLC,1574
DropCatch.com 983 LLC,1774
DropCatch.com 984 LLC,1755
DropCatch.com 985 LLC,1567
DropCatch.com 986 LLC,1593
DropCatch.com 987 LLC,1646
DropCatch.com 988 LLC,1472
DropCatch.com 989 LLC,1362
DropCatch.com 990 LLC,1535
DropCatch.com 991 LLC,1495
DropCatch.com 992 LLC,1600
DropCatch.com 993 LLC,1637
DropCatch.com 994 LLC,1636
DropCatch.com 995 LLC,1604
DropCatch.com 996 LLC,1618
DropCatch.com 997 LLC,1583
DropCatch.com 998 LLC,1622
DropCatch.com 999 LLC,1537
Dropcatching Names LLC,1521
DropExtra.com Inc,1004
Dropfall.com Inc,984
DropHub.com Inc.,985
DropJump.com Inc.,1017
"Dropoutlet, Incorporated",618
DropSave.com Inc,1067
DropWalk.com Inc.,1727
DropWeek.com,1856
DuckbilledDomains.com LLC,2602
"Dwight D. Eisenhower, LLC",307
"DYNADOT, LLC",429201
Dynadot10 LLC,2243
Dynadot11 LLC,2151
Dynadot12 LLC,2161
Dynadot13 LLC,61
Dynadot14 LLC,81
Dynadot15 LLC,84
Dynadot16 LLC,64
Dynadot17 LLC,96
Dynadot3 LLC,2471
Dynadot4 LLC,2824
Dynadot5 LLC,2338
Dynadot6 LLC,2104
Dynadot7 LLC,2522
Dynadot8 LLC,2125
Dynadot9 LLC,2224
"Dynamic Network Services, Inc",64698
"Dynanames.com, Inc",1
"Eagle Eye Domains, LLC",2168
"EastEnd Domains, LLC",2864
EastNames Inc.,54
"Easy Street Domains, LLC",2126
"easyDNS Technologies, Inc.",57134
EASYSPACE LTD.,88322
EchoDomain LLC,18144
Ednit Software Private Limited,502
"EIMS (Shenzhen) Culture & Technology Co., Ltd",102425
EJEE Group Beijing Limited,121
EJEE Group Holdings Limited,8198
"EKADOS, INC. D/B/A GROUNDREGISTRY.COM",538
"ELB Group, Inc.",19421
Emerald Registrar Limited,166
Emirates Telecommunications Corporation - Etisalat,1180
EmpireStateDomains Inc.,1586
"eName Technology Co., Ltd.",2088771
Enameco LLC,3207
"Encirca, Inc",1793
"EndeavourDomains, LLC",2165
Enetica PTY Ltd,16490
Enom Corporate Inc.,599
Enom GMP Services Inc,563
eNom World Inc,625
"eNom, Inc.",9443620
Enom1 Inc.,714
"eNom1008, Inc.",541
"eNom1009, Inc.",574
"eNom1010, Inc.",611
"eNom1012, Inc.",565
"eNom1013, Inc.",593
"eNom1014, Inc.",581
"eNom1033, Inc.",635
"eNom1034, Inc.",601
"eNom1035, Inc.",652
"eNom1036, Inc.",591
"eNom1037, Inc.",614
"eNom1038, Inc.",649
"eNom1040, Inc.",2891
Enom2 Inc.,613
Enom3 Inc.,614
enom371 Incorporated,633
enom373 Incorporated,589
enom375 Incorporated,581
enom377 Incorporated,697
enom379 Incorporated,625
enom381 Incorporated,606
enom383 Incorporated,593
enom385 Incorporated,612
enom387 Incorporated,613
enom389 Incorporated,567
enom391 Incorporated,558
enom393 Incorporated,607
enom395 Incorporated,582
enom397 Incorporated,647
enom399 Incorporated,561
Enom4 Inc.,590
enom403 Incorporated,625
enom405 Incorporated,600
enom407 Incorporated,600
enom409 Incorporated,660
enom411 Incorporated,596
enom413 Incorporated,577
enom415 Incorporated,634
enom417 Incorporated,637
enom419 Incorporated,600
enom421 Incorporated,612
enom423 Incorporated,601
enom425 Incorporated,614
enom427 Incorporated,606
enom429 Incorporated,622
enom431 Incorporated,631
enom433 Incorporated,590
enom435 Incorporated,624
enom437 Incorporated,620
enom439 Incorporated,594
enom441 Incorporated,619
enom443 Incorporated,625
enom445 Incorporated,680
enom447 Incorporated,617
enom449 Incorporated,604
enom451 Incorporated,624
enom453 Incorporated,650
enom455 Incorporated,629
enom457 Incorporated,611
enom459 Incorporated,633
enom461 Incorporated,622
enom463 Incorporated,636
enom465 Incorporated,625
enom467 Incorporated,619
enom469 Incorporated,568
"Enom5, Inc",600
"eNom625, Inc.",83
"eNom635, Inc",643
"eNom646, Inc.",627
"eNom647, Inc.",620
"eNom650, Inc.",618
"eNom652, Inc.",621
"eNom654, Inc.",572
"eNom655, Inc.",626
"eNom656, Inc.",623
"eNom659, Inc.",619
"eNom661, Inc.",546
"eNom662, Inc.",544
"eNom663, Inc.",613
"eNom666, Inc.",577
"eNom672, Inc.",540
Enoma1 Inc,646
EnomAte Inc,614
EnomAU Inc.,621
eNombre Corporation,605
EnomEU Inc.,606
Enomfor Inc,649
EnomMx Inc.,636
Enomnz Inc,607
eNomsky Inc.,634
EnomTen Inc.,589
EnomToo Inc,643
EnomV Inc.,619
EnomX Inc.,596
Enset,2
"Entertainment Names, Incorporated",591
"Entorno Digital, S.A.",11001
"Entrust Domains, LLC",2172
EPAG DOMAINSERVICES GmbH,157694
"Epik, Inc.",153866
Eranet International Limited,6861
"Eric the Red, LLC",205
"Erwin Rommel, LLC",162
"Ethos Domains, LLC",2135
EU Technology (HK) Limited,49
EUNameFlood.com LLC,2436
EUNamesOregon.com LLC,2644
EuroDNS S.A,117268
EuropeanConnectionOnline.com LLC,2573
EurotrashNames.com LLC,2498
EUTurbo.com LLC,2997
"Ever Ready Names, Inc",66
"Everest 10, LLC",3
"Everest 100, LLC",1
"Everest 11, LLC",4
"Everest 12, LLC",4
"Everest 13, LLC",1
"Everest 14, LLC",3
"Everest 15, LLC",3
"Everest 16, LLC",2
"Everest 17, LLC",2
"Everest 18, LLC",3
"Everest 19, LLC",1
"Everest 2, LLC",2
"Everest 20, LLC",3
"Everest 23, LLC",3
"Everest 24, LLC",3
"Everest 25, LLC",3
"Everest 26, LLC",3
"Everest 27, LLC",6
"Everest 28, LLC",3
"Everest 29, LLC",2
"Everest 3, LLC",1
"Everest 30, LLC",1
"Everest 31, LLC",2
"Everest 32, LLC",5
"Everest 33, LLC",1
"Everest 34, LLC",4
"Everest 35, LLC",1
"Everest 36, LLC",1
"Everest 37, LLC",2
"Everest 38, LLC",3
"Everest 39, LLC",4
"Everest 4, LLC",2
"Everest 40, LLC",4
"Everest 42, LLC",3
"Everest 43, LLC",4
"Everest 44, LLC",1
"Everest 45, LLC",3
"Everest 46, LLC",6
"Everest 47, LLC",3
"Everest 48, LLC",2
"Everest 49, LLC",2
"Everest 5, LLC",2
"Everest 51, LLC",3
"Everest 52, LLC",2
"Everest 54, LLC",4
"Everest 55, LLC",6
"Everest 56, LLC",3
"Everest 57, LLC",2
"Everest 58, LLC",4
"Everest 6, LLC",2
"Everest 60, LLC",2
"Everest 61, LLC",5
"Everest 62, LLC",2
"Everest 63, LLC",3
"Everest 64, LLC",1
"Everest 66, LLC",1
"Everest 68, LLC",2
"Everest 69, LLC",2
"Everest 7, LLC",3
"Everest 70, LLC",2
"Everest 71, LLC",2
"Everest 73, LLC",2
"Everest 75, LLC",2
"Everest 76, LLC",2
"Everest 78, LLC",5
"Everest 79, LLC",2
"Everest 8, LLC",2
"Everest 80, LLC",2
"Everest 81, LLC",2
"Everest 83, LLC",4
"Everest 84, LLC",1
"Everest 85, LLC",4
"Everest 86, LLC",1
"Everest 87, LLC",2
"Everest 88, LLC",2
"Everest 89, LLC",1
"Everest 9, LLC",2
"Everest 90, LLC",1
"Everest 91, LLC",4
"Everest 92, LLC",2
"Everest 93, LLC",3
"Everest 94, LLC",3
"Everest 95, LLC",1
"Everest 96, LLC",1
"Everest 97, LLC",1
"Everest 98, LLC",2
"Everest 99, LLC",3
"Everyones Internet, Ltd. dba SoftLayer",69417
EvoPlus Ltd,57574
"Excalibur, LLC",189
Exclusive Domain Find LLC,1593
Experinom Inc.,36
"Extend Names, Inc.",86
Extra Threads Corporation,620
"Extremely Wild, Inc.",93
"EZ Times Domains, LLC",2077
Fabulous.com Pty Ltd.,687358
"Fair Trade Domains, LLC",2226
Fastball Domains LLC,1478
"FastDomain, Inc.",1891841
FBS Inc.,408196
Fenominal Inc.,618
"Fetch Registrar, LLC",2201
"Fiducia LLC, Latvijas Parstavnieciba",3717
"Find Good Domains, Inc.",75
FindUAName.com LLC,2590
FindYouADomain.com LLC,2930
FindYouAName.com LLC,2466
"Fine Grain Domains, LLC",2236
Firstround Names LLC,1593
"Firstserver, Inc.",22339
Flancrestdomains.com LLC,2446
"FLAPPY DOMAIN, INC.",13645
FoShan YiDong Network Co. LTD,53720
"Free Dive Domains, LLC",2274
Free Drop Zone LLC,1481
"Free Spirit Domains, LLC",2139
Freefall Domains LLC,1581
"FREEPARKING DOMAIN REGISTRARS, INC",18180
FRENCH CONNEXION DBA DOMAINE.FR,4154
Freshbreweddomains.com LLC,2646
FrontStreetDomains.com LLC,2525
"Fujian Domains, Inc.",13947
"Fujian Litian Network Technology Co.,Ltd",890
"FUNPEAS MEDIA VENTURES, LLC DBA DOMAINPROCESSOR.COM",1165
"Fushi Tarazu, Incorporated",618
Gabia C&S,1601
"Gabia, Inc.",345072
Gal Communication (CommuniGal) Ltd.,53198
"Galileo Galilei, LLC",185
"Game For Names, Inc.",54
Gandi SAS,758671
GateKeeperDomains.net LLC,2853
"Genghis Khan, LLC",290
Genious Communications SARL/AU,6154
"George S. Patton, LLC",284
"George Washington 888, LLC",298
"Gesloten Domain, N.V.",102
Ghana Dot Com Ltd.,119
"GKG.Net, Inc.",86992
GlamDomains LLC,32512
"Glide Slope Domains, LLC",2141
"Global Domains International, Inc. DBA DomainCostClub.com",8307
Global Village GmbH,3639
"GMO Internet, Inc. dba Onamae.com",2149488
"Go Australia Domains, LLC",39318
"Go Canada Domains, LLC",34937
"Go China Domains, LLC",33838
"Go France Domains, LLC",34705
"Go Full House, Inc",70
"Go Montenegro Domains, LLC",32628
"GoDaddy.com, LLC",41861600
Godomaingo.com LLC,335
Gold Domain Names LLC,1524
Goldenfind Domains LLC,1521
Goldmine Domains LLC,1509
"GoName-FL.com, Inc.",184
"GoName-HI.com, Inc.",209
"GoName-TN.com, Inc.",181
"GoName-TX.com, Inc.",197
"GoName-WA.com, Inc.",224
"GoName.com, Inc",77
Good Domain Registry Pvt Ltd.,14700
Good Luck Internet Services PVT LTD.,169
Google Inc.,832971
GoServeYourDomain.com LLC,2921
Goto Domains LLC,1592
Gozerdomains.com LLC,2970
Gradeadomainnames.com LLC,2538
Gransy s.r.o d/b/a subreg.cz,84964
"Green Destiny, LLC",216
GreenZoneDomains Inc.,1699
"Ground Internet, Inc.",10
Guangdong Jinwanbang Technology Investment Co. Ltd.,144935
GuangDong NaiSiNiKe Information Technology Co Ltd,40277
"Guangzhou Domains, Inc.",8184
Guangzhou Ehost Tech.Co.Ltd.,11612
"Guangzhou Ming Yang Information Technology co., Ltd",8308
Gunga Galunga Corporation,578
"Hang Ten Domains, LLC",2144
"HANGANG Systems, Inc. d/b/a doregi.com",12974
Hanging Curve Domains LLC,1564
"Hangzhou AiMing Network Co., Ltd.",12494
"Hangzhou Dianshang Internet Technology Co., LTD.",8527
"Hangzhou Duomai E-Commerce Co., Ltd",1966
"Hannibal Barca, LLC",324
Haveaname LLC,7237
Hawthornedomains.com LLC,2821
"HazelDomains, Inc.",9061
"Heavens Will, LLC",166
Heavydomains.net LLC,2684
Hebei Guoji Maoyi (Shanghai) LTD dba HebeiDomains.com,31951
Hello Internet Corp.,333
Henan Weichuang Network Technology Co. Ltd.,495
"Hercules 888, LLC",175
Hetzner Online GmbH,84618
HiChina Zhicheng Technology Ltd.,5047206
HOAPDI INC.,161
Hogan Lovells International LLP,541
"HongKong Di En Si International Co., Limited",26
"Hongkong Domain Name Information Management Co., Ltd.",3
"Honjo Masamune, LLC",193
HooYoo Information Technology Co.Ltd.,4718
HOSTEUR SARL,11624
Hosting Concepts B.V. d/b/a Openprovider,191882
Hosting Ukraine LLC,22624
Hostinger UAB,80688
Hostlane Inc.,214
"Hotdomaintrade.com, Inc.",70
"House of Domains, LLC",2134
"Hrunting, LLC",184
HTTP.NET INTERNET GMBH,25965
Hu Yi Global Information Hong Kong Limited,5093
HUMEIA CORPORATION,0
Iconicnames LLC,1649
"Ignitela, Inc",600
"IHS Telekom, Inc.",169930
Ilait AB,1680
Imminentdomains.net LLC,2616
"Imperial Registrations, Inc.",1852
"In2Net Network, Inc.",55637
"Inames Co., Ltd.",86898
Indirection Identity Corporation,583
Infocom Network Ltd.,17945
Inic GmbH,2361
"InlandDomains, LLC",2943
InsaneNames LLC,15611
INSTANTNAMES LLC,6171
"Instinct Solutions, Inc.",82
"Instra Corporation Pty, Ltd.",81917
"Interdominios, Inc.",23451
Interlakenames.com LLC,2673
Interlink Co. Ltd.,3589
Internet Domain Service BS Corp,312690
Internet Internal Affairs Corporation,562
"INTERNET INVEST, LTD. DBA IMENA.UA",36815
Internet Nayana Inc.,5621
Internetters LTD.,9349
"Intersolved-FL.com, Inc.",190
"Intersolved-HI.com, Inc.",185
"Intersolved-TN.com, Inc.",184
Intersolved-TX.com Inc.,198
Intersolved-WA.com Inc.,199
Interweb Advertising D.B.A. Profile Builder,53374
Intracom Middle East FZE,13
INWX GmbH & Co. KG,41138
IP Mirror Pte Ltd. dba IP MIRROR,27425
IP Twins SAS,4176
"Isaac Newton, LLC",186
IServeYourDomain.com LLC,2627
"Isoroku Yamamoto, LLC",253
"James Madison, LLC",197
"Japan Registry Services Co., Ltd.",249816
"JARHEADDOMAINS.COM, LLC",2155
JIANGSU BANGNING SCIENCE & TECHNOLOGY CO. LTD,230605
"Joan of Arc, LLC",218
"Joyeuse, LLC",212
JSC Registrar R01,22485
"Julius Caesar, LLC",462
"Jumbo Names, Inc",83
Jumpshot Domains LLC,1581
Kagoya Japan Inc.,4315
"Karl Von Clausewitz, LLC",289
Kaunas University of Technology Information Technology Development Institute dba Domreg.lt,816
"Key Registrar, Inc",85
Key-Systems GmbH,1133014
KHEWEUL.COM SA,2964
"Kingdomains, Incorporated",568
"Kinx Co., Ltd",1151
Klaatudomains.com LLC,2521
Korea Server Hosting Inc.,12371
"Koreacenter.com Co., Ltd",11071
"KQW, Inc.",9069
KuwaitNet General Trading co.,1793
"La Tizone, LLC",198
Ladas Domains LLC,3144
Lakeodomains.com LLC,2571
Larsen Data ApS,3
"Launchpad.com, Inc.",563871
Layup Domains LLC,1567
LCN.COM Ltd.,89961
"Leatherneckdomains.com, LLC",1878
Ledl.net GmbH,5780
"Leif Ericson, LLC",198
"Lemon Shark Domains, LLC",1861
"Leonardo da Vinci, LLC",178
"Leonidas, LLC",180
LEXSYNERGY LIMITED,8859
Ligne Web Services SARL dba LWS,26482
"Line Drive Domains, LLC",1822
"Lionshare Domains, LLC",1835
LiquidNet Ltd.,70969
LiteDomains LLC,16522
LogicBoxes Naming Services Ltd,692
Long Drive Domains LLC,1575
"Lucky Elephant Domains, LLC",1888
"MAFF AVENUE, INC.",10935
MAFF Inc.,159536
"Magic Friday, Inc.",91
"Magnate Domains, LLC",1918
"Magnolia Domains, LLC",1830
"Mahatma Gandhi, LLC",169
"Mailinh, LLC",176
MainReg INC.,129
"Major League Domains, LLC",1874
"Marcaria.com, International, Inc.",14325
"Mark Barker, Incorporated",636
MarkMonitor Inc.,555067
MasterofMyDomains.net LLC,2990
MAT BAO CORPORATION,69048
"Maximus, LLC",178
Media Elite Holdings Limited,392
Meganames LLC,1547
Megazone Corp. dba Hosting.kr,174341
"Melbourne IT, Ltd. d/b/a Internet Names Worldwide",154149
Mesh Digital Limited,696688
Metaregistrar BV,4431
Microbreweddomains.com LLC,2887
"MidWestDomains, LLC",2846
"MIGHTY BAY, INC",72
Mijn InternetOplossing B.V.,23682
Millennial Names LLC,1537
Minds and Machines Registrar UK Limited,176
"Misk.com, Inc.",29919
MISTERNIC LLC,6753
"Mobile Name Services, Inc.",11
Moniker Online Services LLC,425170
"Moon Shot Domains, LLC",1883
Mps Infotecnics Limited,3370
Mvpdomainnames.com LLC,2915
"MyManager, Inc.",431
Mypreciousdomain.com LLC,2618
Name Connection Area LLC,1514
Name Connection Spot LLC,1465
Name Find Source LLC,1559
Name Icon LLC,1544
Name Nelly Corporation,550
"Name Perfections, Inc.",98
"Name Share, Inc",121
Name Thread Corporation,619
"Name To Fame, Inc",106
Name Trance LLC,308
Name.cc Inc,657
"Name.com, Inc.",1137106
"Name.net, Inc.",3393
"Name104, Inc",234
"Name105, Inc",665
"Name106, Inc.",274
"Name107, Inc.",274
"Name108, Inc.",429
"Name109, Inc.",319
"Name110, Inc.",314
"Name111, Inc.",400
"Name112, Inc.",364
"Name113, Inc.",413
"Name114, Inc",281
"Name115, Inc",290
"Name116, Inc.",302
"Name117, Inc.",420
"Name118, Inc.",221
"Name119, Inc.",291
"Name120, Inc.",299
Namearsenal.com LLC,2704
NameBake LLC,16413
NAMEBAY,86181
NameBrew LLC,33323
NameCamp Limited,25
Namecatch LLC,1577
Namecatch Zone LLC,1535
NameCheap Inc.,106973
NameChild LLC,14156
Namecroc.com LLC,2619
Nameemperor.com LLC,2695
Namefinger.com LLC,2486
NameForward LLC,33054
Namegrab LLC,1549
NameJolt.com LLC,33888
"NameKing.com, Inc.",95880
Nameling.com LLC,39903
Namemaster RC GmbH,1865
NamePal.com #8001,996
NamePal.com #8002,1037
NamePal.com #8004,1048
NamePal.com #8006,1019
NamePal.com #8007,1013
NamePal.com #8008,958
NamePal.com #8009.,1111
NamePal.com #8010,1169
NamePal.com #8011,1311
NamePal.com #8012.,1003
NamePal.com #8013,1000
NamePal.com #8014,1001
NamePal.com #8015,1045
NamePal.com #8016,965
NamePal.com #8017,973
NamePal.com #8018,1010
NamePal.com #8019,1811
NamePal.com #8021.,1748
NamePal.com #8023.,1813
NamePal.com #8024,1792
NamePal.com #8025.,1826
NamePal.com #8026.,1773
NamePal.com #8027,962
NamePal.com #8028,1267
"NamePal.com, LLC",37593
NamePanther.com LLC,2927
Names Express LLC,1505
Names In Motion Inc.,161
Names On The Drop LLC,1558
Names Stop Here LLC,1604
NamesAlaCarte.com LLC,2571
Namesaplenty LLC,1562
NameSay LLC,29809
NameScout Corp,40343
NameSector LLC,29092
NameSecure.com,77009
"Nameselite, LLC",1896
NamesHere LLC,29855
"NameSilo, LLC",588973
Namesnap LLC,1484
NameSnapper LLC,1578
Namesource LLC,1566
"Namesourcedomains, LLC",1880
Namespro Solutions Inc.,23422
Namestop LLC,1591
NameStrategies LLC,33035
"NameStream.com, Inc.",4
NameTell.com LLC,36862
NameTurn LLC,35939
NameVolcano.com LLC,2651
NameWeb BVBA,28288
Namewinner LLC,1536
"Namware.com, Inc.",70
Nanjing Imperiosus Technology Co. Ltd.,13172
"Napoleon Bonaparte, LLC",299
"Naugus Limited, LLC.",4839
"Need Servers, Inc",79
Neen SRL,1118
NeoNIC OY,3952
Nerd Names Corporation,612
Net 4 India Limited,110888
"Net Juggler, Inc.",101
Net Logistics Pty Ltd.,3093
"Net-Chinese Co., Ltd.",27072
NetArt Sp z o.o,60285
"Netdorm, Inc. dba DnsExit.com",4612
NetEarth One Inc. d/b/a NetEarth,121974
Netestate LLC,6171
NETIM sarl,8040
Netistrar Limited,131
"Netowl, Inc.",116967
"Netpia.com, Inc.",12414
"NetraCorp, LLC dba Global Internet",3166
NetRegistry Pty. Ltd.,117463
NetTuner Corp. dba Webmasters.com,10865
"Network Information Center Mexico, S. C.",29102
"Network Savior, Inc.",78
"Network Solutions, LLC.",4782838
Networking4all B.V.,8270
Netzadresse.at Domain Service GmbH,140
NetZone AG,226
Neubox Internet SA de CV,43480
NEUDOMAIN LLC,6883
"New Order Domains, LLC",1836
Nhan Hoa Software Company Ltd,27140
NHN Techorus Corp.,4323
Nicco Ltd.,16768
Nicreg LLC,10394
Nics Telekomunikasyon Tic Ltd. Sti.,288666
Nictrade Internet Identity Provider AB,5888
"Nimzo 1, LLC",3
"Nimzo 10, LLC",1
"Nimzo 100, LLC",5
"Nimzo 11, LLC",1
"Nimzo 12, LLC",1
"Nimzo 13, LLC",5
"Nimzo 14, LLC",3
"Nimzo 15, LLC",5
"Nimzo 16, LLC",3
"Nimzo 17, LLC",1
"Nimzo 18, LLC",1
"Nimzo 19, LLC",1
"Nimzo 2, LLC",4
"Nimzo 20, LLC",1
"Nimzo 21, LLC",3
"Nimzo 22, LLC",4
"Nimzo 23, LLC",3
"Nimzo 24, LLC",1
"Nimzo 25, LLC",1
"Nimzo 26, LLC",6
"Nimzo 27, LLC",3
"Nimzo 28, LLC",1
"Nimzo 29, LLC",3
"Nimzo 3, LLC",5
"Nimzo 30, LLC",4
"Nimzo 31, LLC",1
"Nimzo 32, LLC",5
"Nimzo 33, LLC",3
"Nimzo 34, LLC",4
"Nimzo 35, LLC",5
"Nimzo 36, LLC",3
"Nimzo 37, LLC",3
"Nimzo 38, LLC",3
"Nimzo 39, LLC",1
"Nimzo 4, LLC",2
"Nimzo 40, LLC",1
"Nimzo 41, LLC",2
"Nimzo 42, LLC",2
"Nimzo 43, LLC",1
"Nimzo 44, LLC",3
"Nimzo 45, LLC",4
"Nimzo 46, LLC",3
"Nimzo 47, LLC",1
"Nimzo 48, LLC",3
"Nimzo 49, LLC",3
"Nimzo 50, LLC",2
"Nimzo 51, LLC",3
"Nimzo 52, LLC",1
"Nimzo 53, LLC",3
"Nimzo 54, LLC",2
"Nimzo 55, LLC",2
"Nimzo 57, LLC",1
"Nimzo 58, LLC",3
"Nimzo 59, LLC",2
"Nimzo 6, LLC",1
"Nimzo 61, LLC",1
"Nimzo 62, LLC",3
"Nimzo 63, LLC",1
"Nimzo 64, LLC",2
"Nimzo 65, LLC",1
"Nimzo 67, LLC",3
"Nimzo 68, LLC",2
"Nimzo 69, LLC",1
"Nimzo 7, LLC",5
"Nimzo 70, LLC",3
"Nimzo 71, LLC",2
"Nimzo 72, LLC",3
"Nimzo 73, LLC",1
"Nimzo 74, LLC",1
"Nimzo 76, LLC",5
"Nimzo 77, LLC",4
"Nimzo 78, LLC",4
"Nimzo 79, LLC",2
"Nimzo 8, LLC",4
"Nimzo 80, LLC",2
"Nimzo 81, LLC",3
"Nimzo 83, LLC",4
"Nimzo 84, LLC",3
"Nimzo 85, LLC",3
"Nimzo 86, LLC",2
"Nimzo 88, LLC",1
"Nimzo 89, LLC",4
"Nimzo 9, LLC",1
"Nimzo 90, LLC",2
"Nimzo 91, LLC",1
"Nimzo 92, LLC",7
"Nimzo 93, LLC",1
"Nimzo 94, LLC",3
"Nimzo 95, LLC",2
"Nimzo 96, LLC",6
"Nimzo 97, LLC",7
"Nimzo 98, LLC",5
"Nimzo 99, LLC",1
"Niuedomains, LLC",186
"Nom Infinitum, Incorporated",591
Nom IQ Ltd (DBA Com Laude),34790
Nominalia Internet S.L.,80597
NORDNET,66571
Nordreg AB,9306
NorthNames Inc.,1598
"Noteworthydomains, LLC",1912
NoticedDomains LLC,13725
NotSoFamousNames.com LLC,3030
Number One Web Hosting Limited,1
NUXIT,10054
Octopusdomains.net LLC,2597
"Odysseus 888, LLC",205
Oi Internet S/A,5347
"Old Tyme Domains, LLC",1869
OldTownDomains.com LLC,2949
OldWorldAliases.com LLC,2534
"Omni 888, LLC",182
"Omnis Network, LLC",75076
One Putt  INC.,619
Onlide Inc,51
Online Data Services Joint Stock Company,1797
Online SAS,118791
"OnlineNIC, Inc.",577616
Open System Ltda - Me,47
Openname LLC,5242
OpenTLD B.V.,6690
ORANGE,20519
OregonEU.com LLC,2476
OregonURLs.com LLC,2618
Ourdomains Limited,34791
OVH,1310617
"Own Identity, Inc",2796
P.A. Viet Nam Company Limited,95791
"PacificDomains, LLC",2897
Paimi Inc.,629
"Painted Pony Names, LLC",1869
Pair Networks Inc.d/b/a pairNIC,66961
PakNIC (Private) Limited,4007
Papaki Ltd,36454
Paragon Internet Group Ltd t/a Paragon Names,45257
"Pararescuedomains.com, LLC",1904
PDR Ltd. d/b/a PublicDomainRegistry.com,3820143
PDXPrivateNames.com LLC,2619
PearlNamingService.com LLC,2620
"Perseus 888, LLC",192
"Peter the Great, LLC",187
"Pheenix 1, LLC",191
"Pheenix 10, LLC",208
"Pheenix 100, LLC",209
"Pheenix 11, LLC",185
"Pheenix 12, LLC",186
"Pheenix 13, LLC",188
"Pheenix 14, LLC",193
"Pheenix 15, LLC",190
"Pheenix 16, LLC",193
"Pheenix 17, LLC",188
"Pheenix 18, LLC",184
"Pheenix 19, LLC",189
"Pheenix 2, LLC",188
"Pheenix 20, LLC",189
"Pheenix 21, LLC",212
"Pheenix 22, LLC",197
"Pheenix 23, LLC",180
"Pheenix 24, LLC",189
"Pheenix 25, LLC",178
"Pheenix 26, LLC",198
"Pheenix 27, LLC",198
"Pheenix 28, LLC",170
"Pheenix 29, LLC",193
"Pheenix 3, LLC",203
"Pheenix 30, LLC",191
"Pheenix 31, LLC",203
"Pheenix 32, LLC",194
"Pheenix 33, LLC",197
"Pheenix 34, LLC",218
"Pheenix 35, LLC",186
"Pheenix 36, LLC",182
"Pheenix 37, LLC",188
"Pheenix 38, LLC",202
"Pheenix 39, LLC",191
"Pheenix 4, LLC",207
"Pheenix 40, LLC",194
"Pheenix 41, LLC",181
"Pheenix 42, LLC",180
"Pheenix 43, LLC",221
"Pheenix 44, LLC",182
"Pheenix 45, LLC",197
"Pheenix 46, LLC",182
"Pheenix 47, LLC",214
"Pheenix 48, LLC",213
"Pheenix 49, LLC",185
"Pheenix 5, LLC",194
"Pheenix 50, LLC",201
"Pheenix 51, LLC",187
"Pheenix 52, LLC",170
"Pheenix 53, LLC",206
"Pheenix 54, LLC",195
"Pheenix 55, LLC",235
"Pheenix 56, LLC",212
"Pheenix 57, LLC",189
"Pheenix 58, LLC",208
"Pheenix 59, LLC",214
"Pheenix 6, LLC",168
"Pheenix 60, LLC",184
"Pheenix 61, LLC",203
"Pheenix 62, LLC",190
"Pheenix 63, LLC",194
"Pheenix 64, LLC",192
"Pheenix 65, LLC",185
"Pheenix 66, LLC",191
"Pheenix 67, LLC",190
"Pheenix 68, LLC",214
"Pheenix 69, LLC",198
"Pheenix 7, LLC",163
"Pheenix 70, LLC",190
"Pheenix 71, LLC",184
"Pheenix 72, LLC",184
"Pheenix 73, LLC",211
"Pheenix 74, LLC",196
"Pheenix 75, LLC",179
"Pheenix 76, LLC",186
"Pheenix 77, LLC",199
"Pheenix 78, LLC",199
"Pheenix 79, LLC",191
"Pheenix 8, LLC",187
"Pheenix 80, LLC",217
"Pheenix 81, LLC",186
"Pheenix 82, LLC",192
"Pheenix 83, LLC",190
"Pheenix 84, LLC",192
"Pheenix 85, LLC",160
"Pheenix 86, LLC",173
"Pheenix 87, LLC",183
"Pheenix 88, LLC",207
"Pheenix 89, LLC",186
"Pheenix 9, LLC",185
"Pheenix 90, LLC",209
"Pheenix 91, LLC",193
"Pheenix 92, LLC",187
"Pheenix 93, LLC",178
"Pheenix 94, LLC",191
"Pheenix 95, LLC",202
"Pheenix 96, LLC",192
"Pheenix 97, LLC",208
"Pheenix 98, LLC",193
"Pheenix 99, LLC",197
Pheenix. Inc.,25080
"PierX, Inc",24
"Pink Elephant Domains, LLC",1899
"Pipeline Domains, LLC",1816
Planetdomain Pty Ltd.,32060
PlanetHoster Inc.,7687
"Platinum Registrar, Inc.",95
"Plato 888, LLC",197
"PocketDomain.com, Inc",10626
Porkbun LLC,2553
"PortlandNames.com, LLC",282
"Poseidon 888, LLC",219
"PostalDomains, Incorporated",581
"Power Carrier, Inc.",87
"Power Namers, Inc.",88
Premierename.ca Inc.,2254
PresidentialDomains LLC,27453
"PrivacyPost, Inc.",253
"Private Domains, Incorporated",599
"Promo People, Inc.",16003
ProNamed LLC,35762
Protocol Internet Technology Limited T/A Hosting Ireland,5615
ProtonDomains.com LLC,2639
"PSI-Japan, Inc.",10859
"PSI-USA, Inc. dba Domain Robot",611148
PT ARDH GLOBAL INDONESIA,31336
Purenic Japan Inc.,3452
Purity Names Incorporated,175
"Radu Damian, LLC",193
Rainydaydomains.com LLC,2894
"Rally Cry Domains, LLC",1872
"Ramses II, LLC",170
"Rank USA, Inc.",2899
Rare Gem Domains LLC,1630
RealTime Register BV,414537
Rebel.ca Corp.,69147
Rebel.com Corp.,88545
ReclaimDomains LLC,13689
"REG2C.COM, INC.",95995
"Regional Network Information Center, JSC dba RU-CENTER",150066
"Register Names, LLC",1026
REGISTER NV DBA REGISTER.EU,12428
Register.ca Inc.,24939
"Register.com, Inc.",1769760
Register.it SPA,532689
"REGISTER4LESS, INC.",29117
Registrar Manager Inc.,113
REGISTRAR OF DOMAIN NAMES REG.RU LLC,122751
RegistrarDirect LLC,17793
RegistrarSEC LLC,13
"Registration Technologies, Inc.",4012
RegistryGate GmbH,253313
Regtime Ltd.,23855
Reliable Software,1
"Reseller Services, Inc. dba ResellServ.com",706
Retail Domains Inc.,593
Rethem Hosting LLC,1374
"Richard the Lionheart 888, LLC",187
"Ripcord Domains, LLC",1824
"Ripcurl Domains, LLC",1861
"Riptide Domains, LLC",1847
"Robert E. Lee 888, LLC",280
rockenstein AG,1839
SafeBrands SAS,16770
SafeNames Ltd,93236
"SAMJUNG DATA SERVICE CO., LTD.",1867
Sammamishdomains.com LLC,2577
"Samoandomains, LLC",188
SantiamDomains.com LLC,2817
Savethename.com LLC,2521
"SBSNames, Incorporated",567
"Scipio Africanus, LLC",258
Searchnresq Inc.,627
Secondround Names LLC,1551
Secura GmbH,1995
Server Plan Srl,18541
Service Development Center of the State Commission Office for Public Sector Reform,96
"Seymour Domains, LLC",190
Shanghai Best Oray Information S&T Co. Ltd.,39867
"Shanghai Meicheng Technology Information Development Co., Ltd.",353388
"Shanghai Oweb Network Co., Ltd",30
Shanghai Yovole Networks Inc.,52411
Sharkweek Domains LLC,1496
"Shenzhen Esin Technology Co., Ltd",4
"Shenzhen HuLianXianFeng Technology Co.,LTD",3676
"Shenzhen Internet Works Online Technology Co., Ltd.",11233
"Shining Star Domains, LLC",1828
Shinjiru MSC Sdn Bhd,10210
Sibername Internet and Software Technologies Inc.,14801
"SicherRegister, Incorporated",557
SiliconHouse.Net Pvt Ltd.,13568
Silver Domain Names LLC,1578
SilverbackDomains.com LLC,2929
"Sipence, Inc.",15
"Sir Lancelot du Lac, LLC",174
Sitefrenzy.com LLC,2582
Sitename.com LLC,2313
"Sksa Technology Co., Limited",1
Skykomishdomains.com LLC,2938
Slamdunk Domains LLC,1487
"Sliceofheaven Domains, LLC",1790
Slow Motion Domains LLC,1616
Slow Putt Domains LLC,1560
"Small Business Names and Certs, Incorporated.",542
"Small World Communications, Inc.",11
Snag Your Name LLC,1528
Snappyregistrar.com LLC,2744
Snapsource LLC,1559
Snoqulamiedomains.com LLC,2707
"Soaring Eagle Domains, LLC",1803
"Socrates 888, LLC",187
"SoftLayer Technologies, Inc",216
"Soldierofonedomains.com, LLC",1766
"Soluciones Corporativas IP, SL",93047
"Sourced Domains, LLC",1889
Southnames Inc.,1490
SoYouWantaDomain.com LLC,2890
"Spartacus, LLC",207
"SQUIDSAILERDOMAINS.COM, LLC",1846
"Sssasss, Incorporated",611
Sterling Domains LLC,1570
Stichting Registrar of Last Resort Foundation,2
Stork Registry Inc.,129
"Stormbringer, LLC",186
"Straight 8 Domains, LLC",1862
"Streamline Domains, LLC",1840
"Sugar Cube Domains, LLC",1845
"Sun Tzu 888, LLC",302
"Super Name World, Inc",43
Super Registry Inc.,60
"SW Hosting & Communications Technologies, S.L.",3956
Swedish Domains AB,2452
Swordfish Domains LLC,1461
Synergy Wholesale Pty Ltd,53296
"Tan Tran, LLC",190
Targeted Drop Catch LLC,1532
"Tech Tyrants, Inc.",77
"Tecnocratica Centro de Datos, S.L.",72742
"Tecnologia, Desarrollo Y Mercado S. de R.L. de C.V.",1194
The Domains LLC,1455
The Registrar Company B.V.,21508
"The Registrar Service, Inc",74
"The Registry at Info Avenue, LLC d/b/a Spirit Communications",19437
TheNameCo LLC,36836
"Theseus 888, LLC",220
ThirdFloorDNS.com LLC,2695
Thirdroundnames LLC,1538
"Thomas Edison, LLC",172
"Thomas Jefferson, LLC",212
"Threadagent.com, Inc.",9808
"Threadwalker.com, Inc.",426
"Threadwatch.com, Inc.",376
"Threadwise.com, Inc",375
Threepoint Domains LLC,1489
Tianjin Zhuiri Science and Technology Development Co Ltd.,1
TierraNet Inc. d/b/a DomainDiscover,233445
"Tiger Shark Domains, LLC",1771
Tiger Technologies LLC,11617
Tirupati Domains and Hosting Private Limited,7428
"Titanic Hosting, Inc.",94
"Titus 888, LLC",207
TLD Registrar Solutions Ltd,65676
"TLDs, LLC dba SRSplus",181182
Tname Group Inc.,306
"Todaynic.com, Inc.",61219
TOGLODO S.A.,913
Top Level Domains LLC,1478
Top Pick Names LLC,1462
Top Shelf Domains LLC,1492
Top Tier Domains LLC,1600
Topsystem LLC,6798
Total Web Solutions Limited trading as TotalRegistrations,15130
TotallyDomain LLC,14726
Touchdown Domains LLC,1550
TPP Domains Pty Ltd. dba TPP Internet,10361
TPP Wholesale Pty Ltd.,102999
"Trade Starter, Inc.",85
TradeNamed LLC,36209
"Tradewinds Names, LLC",1881
"Traffic Names, Incorporated",604
"TravelDomains, Incorporated",574
Treasure Trove Domains LLC,1540
"Tropic Management Systems, Inc.",83
Trunkoz Technologies Pvt Ltd. d/b/a OwnRegistrar.com,7299
Tucows Domains Inc.,7413737
Tuonome.it Srl,2887
Turbonames LLC,1574
"TurnCommerce, Inc. DBA NameBright.com",318108
"Tuvaludomains, LLC",185
TWT S.p.A.,535
Udamain.com LLC,2951
UdomainName.com LLC,4140
UK-2 Limited,4113
"Ulfberht, LLC",168
"Ultra Registrar, Inc.",86
"Ulysses S. Grant, LLC",301
"Unified Servers, Inc.",106
Uniregistrar Corp,964647
United-Domains AG,316302
"Unitedkingdomdomains, LLC",185
Universal Registration Services Inc. dba NewDentity.com,430
Universo Online S/A (UOL),99888
"Unpower, Inc",89
Upperlink Limited,2812
URL Solutions Inc.,18716
"V12 Domains, LLC",1778
Variomedia AG dba puredomain.com,12078
Vautron Rechenzentrum AG,181511
"Vedacore.com, Inc.",22
Verisign Security and Stability,10173
"Veritas Domains, LLC",1845
"Vertex Names.com, Inc.",65
Victorynames LLC,1550
"Virtual Registrar, Inc.",4272
"VISUAL MONSTER, INC",83
VisualNames LLC,28075
Vitalwerks Internet Solutions LLC DBA No-IP,25939
"Vivid Domains, Inc",312
"Vlad the Impaler, LLC",179
"Vo Nguyen Giap, LLC",320
Vodien Internet Solutions Pte Ltd,14043
"Volusion, Inc.",0
"Web Business, LLC.",142
Web Commerce Communications Limited dba WebNic.cc,264259
Web Drive Ltd.,6646
"Web Site Source, Inc",0
Web Werks India Pvt. Ltd d/b/a ZenRegistry.com,7982
Web4Africa Inc,9352
Webagentur.at Internet Services GmbH dba domainname.at,5994
"Webair Internet Development, Inc.",4846
Webnames.ca Inc.,41734
West263 International Limited,315464
WhatIsYourDomain LLC,14574
"White Alligator Domains, LLC",1807
"White Rhino Domains, LLC",1815
"Whiteglove Domains, Inc.",594
"Whoisnetworks Co., Ltd.",104298
"WHT Co., Ltd",729
Wide Left Domains LLC,1488
Wide Right Domains LLC,1450
"Wild Bill Hickok, LLC",183
"Wild Bunch Domains, LLC",1816
"Wild West Domains, LLC",2782913
"Wildzebradomains, LLC",1798
WillametteNames.com LLC,2534
"William the Conqueror, LLC",303
"William Wallace, LLC",179
Win Names LLC,1524
"Wingu Networks, S.A de C.V.",24271
"Winston Churchill, LLC",203
Wixi Incorporated,879
"World Biz Domains, LLC",312
World4You Internet Services GmbH,40111
WorthyDomains LLC,34312
"Xiamen Chinasource Internet Service Co., LTD.",90880
"Xiamen Dianmei Network Technology Co., Ltd.",3280
"Xiamen Domains, Inc.",10322
"Xiamen Nawang Technology Co., Ltd",37420
Xiamen Xin click Network Polytron Technologies Inc,0
Xin Net Technology Corporation,1285535
"Yellow Start, Inc",85
"Yenkos, LLC",602
YouDamain.com LLC,2518
"Your Domain Casa, LLC",1810
"Your Domain King, Inc",94
Your Domain LLC,1496
"Zeus 888, LLC",195
"Zhengzhou Century Connect Electronic Technology Development Co., Ltd",380
"Zhengzhou Zitian Network Technology Co., Ltd.",7134
"Zhenjiang Aimingwang Information and Technology Co., Ltd",212
Zhong Yu Network Technology Company Limited,11
Zhuimi Inc,238
ZigZagNames.com LLC,2847
Zinc Domain Names LLC,1506
ZNet Technologies Pvt Ltd.,20994
"Zone Casting, Inc",91
Zone of Domains LLC,1508
ZoomRegistrar LLC,33437
"Zulfigar, LLC",186
